loss,grad_norm,learning_rate,epoch,step,eval_loss,eval_runtime,eval_samples_per_second,eval_steps_per_second,train_runtime,train_samples_per_second,train_steps_per_second,total_flos,train_loss
4.858913421630859,206.51556396484375,1.9e-05,0.07220216606498195,20,,,,,,,,,
3.9686717987060547,85.0537109375,3.9000000000000006e-05,0.1444043321299639,40,,,,,,,,,
2.7941776275634767,18.735977172851562,4.966292134831461e-05,0.21660649819494585,60,,,,,,,,,
1.6885900497436523,13.950605392456055,4.891385767790263e-05,0.2888086642599278,80,,,,,,,,,
1.094185733795166,7.6560516357421875,4.816479400749064e-05,0.36101083032490977,100,,,,,,,,,
0.8584808349609375,6.19099760055542,4.7415730337078655e-05,0.4332129963898917,120,,,,,,,,,
0.7345410346984863,3.9155895709991455,4.666666666666667e-05,0.5054151624548736,140,,,,,,,,,
0.6508819580078125,3.7673609256744385,4.591760299625468e-05,0.5776173285198556,160,,,,,,,,,
0.6221114158630371,2.4804208278656006,4.51685393258427e-05,0.6498194945848376,180,,,,,,,,,
0.5343022823333741,1.6655181646347046,4.4419475655430715e-05,0.7220216606498195,200,,,,,,,,,
0.5096436977386475,1.8907123804092407,4.3670411985018725e-05,0.7942238267148014,220,,,,,,,,,
0.4917515754699707,1.575441837310791,4.292134831460675e-05,0.8664259927797834,240,,,,,,,,,
0.4926741123199463,1.827258825302124,4.217228464419476e-05,0.9386281588447654,260,,,,,,,,,
,,,1.0,277,0.31821465492248535,13.926,79.492,5.027,,,,,
0.44777779579162597,1.5505940914154053,4.142322097378277e-05,1.0108303249097472,280,,,,,,,,,
0.39855756759643557,1.1081167459487915,4.067415730337079e-05,1.0830324909747293,300,,,,,,,,,
0.4198586463928223,1.3928691148757935,3.99250936329588e-05,1.1552346570397112,320,,,,,,,,,
0.3925786018371582,2.165630340576172,3.917602996254682e-05,1.2274368231046933,340,,,,,,,,,
0.3651707410812378,1.6296961307525635,3.842696629213483e-05,1.2996389891696751,360,,,,,,,,,
0.3802577257156372,1.0255465507507324,3.767790262172285e-05,1.371841155234657,380,,,,,,,,,
0.38314313888549806,1.0195711851119995,3.6928838951310864e-05,1.444043321299639,400,,,,,,,,,
0.3626481294631958,1.3633888959884644,3.6179775280898874e-05,1.516245487364621,420,,,,,,,,,
0.3231754541397095,1.4100487232208252,3.54307116104869e-05,1.5884476534296028,440,,,,,,,,,
0.34331636428833007,1.0406215190887451,3.468164794007491e-05,1.660649819494585,460,,,,,,,,,
0.3703978776931763,1.4853020906448364,3.393258426966292e-05,1.7328519855595668,480,,,,,,,,,
0.3253655195236206,1.2044925689697266,3.318352059925094e-05,1.8050541516245486,500,,,,,,,,,
0.33642873764038084,1.2974931001663208,3.243445692883895e-05,1.8772563176895307,520,,,,,,,,,
0.32226037979125977,0.9058510661125183,3.168539325842697e-05,1.9494584837545126,540,,,,,,,,,
,,,2.0,554,0.2405942976474762,14.1779,78.079,4.937,,,,,
0.33091115951538086,0.9073231220245361,3.0936329588014985e-05,2.0216606498194944,560,,,,,,,,,
0.3110315799713135,5.289670467376709,3.0187265917602998e-05,2.0938628158844765,580,,,,,,,,,
0.2764638185501099,0.9870787858963013,2.9438202247191012e-05,2.1660649819494586,600,,,,,,,,,
0.33137495517730714,0.7892141938209534,2.868913857677903e-05,2.2382671480144403,620,,,,,,,,,
0.32232487201690674,1.3550934791564941,2.7940074906367042e-05,2.3104693140794224,640,,,,,,,,,
0.26592791080474854,1.0337848663330078,2.7191011235955055e-05,2.3826714801444044,660,,,,,,,,,
0.2889319181442261,1.170236349105835,2.6441947565543072e-05,2.4548736462093865,680,,,,,,,,,
0.3027365684509277,0.9985950589179993,2.5692883895131086e-05,2.527075812274368,700,,,,,,,,,
0.27411885261535646,1.013641357421875,2.4943820224719103e-05,2.5992779783393503,720,,,,,,,,,
0.27134778499603274,1.7527074813842773,2.419475655430712e-05,2.671480144404332,740,,,,,,,,,
0.3030816316604614,1.0794882774353027,2.3445692883895133e-05,2.743682310469314,760,,,,,,,,,
0.28161139488220216,1.026503324508667,2.2696629213483146e-05,2.815884476534296,780,,,,,,,,,
0.29398188591003416,0.8736622929573059,2.194756554307116e-05,2.888086642599278,800,,,,,,,,,
0.2898032903671265,0.9789990782737732,2.1198501872659177e-05,2.96028880866426,820,,,,,,,,,
,,,3.0,831,0.21837279200553894,14.1821,78.056,4.936,,,,,
0.2544461011886597,1.0211992263793945,2.0449438202247194e-05,3.032490974729242,840,,,,,,,,,
0.32026193141937254,1.3555337190628052,1.9700374531835207e-05,3.104693140794224,860,,,,,,,,,
0.2743232011795044,0.985190212726593,1.895131086142322e-05,3.1768953068592056,880,,,,,,,,,
0.2853219509124756,1.145139455795288,1.8202247191011237e-05,3.2490974729241877,900,,,,,,,,,
0.258488392829895,0.8963300585746765,1.745318352059925e-05,3.32129963898917,920,,,,,,,,,
0.24000403881072999,0.9234136939048767,1.6704119850187268e-05,3.3935018050541514,940,,,,,,,,,
0.2627425193786621,1.9556115865707397,1.595505617977528e-05,3.4657039711191335,960,,,,,,,,,
0.28268883228302,0.985274612903595,1.5205992509363296e-05,3.5379061371841156,980,,,,,,,,,
0.25125229358673096,1.002090573310852,1.4456928838951311e-05,3.6101083032490973,1000,,,,,,,,,
0.24500432014465331,1.0401870012283325,1.3707865168539327e-05,3.6823104693140793,1020,,,,,,,,,
0.2768924951553345,1.1995348930358887,1.295880149812734e-05,3.7545126353790614,1040,,,,,,,,,
0.24734022617340087,0.9128703474998474,1.2209737827715357e-05,3.8267148014440435,1060,,,,,,,,,
0.25228066444396974,1.4383611679077148,1.146067415730337e-05,3.898916967509025,1080,,,,,,,,,
0.2533468723297119,0.9325105547904968,1.0711610486891387e-05,3.9711191335740073,1100,,,,,,,,,
,,,4.0,1108,0.21115539968013763,14.1216,78.391,4.957,,,,,
0.2851874828338623,1.087128758430481,9.9625468164794e-06,4.043321299638989,1120,,,,,,,,,
0.25610649585723877,0.9843723773956299,9.213483146067416e-06,4.115523465703971,1140,,,,,,,,,
0.27175474166870117,1.046048879623413,8.464419475655431e-06,4.187725631768953,1160,,,,,,,,,
0.265775728225708,1.2032955884933472,7.715355805243446e-06,4.259927797833935,1180,,,,,,,,,
0.2426521062850952,0.9378972053527832,6.96629213483146e-06,4.332129963898917,1200,,,,,,,,,
0.24201102256774903,1.7190845012664795,6.2172284644194756e-06,4.404332129963899,1220,,,,,,,,,
0.25548908710479734,1.0565112829208374,5.468164794007491e-06,4.4765342960288805,1240,,,,,,,,,
0.2622267484664917,0.8037598729133606,4.719101123595506e-06,4.548736462093863,1260,,,,,,,,,
0.2572633743286133,0.9127405881881714,3.970037453183521e-06,4.620938628158845,1280,,,,,,,,,
0.22643508911132812,1.2513582706451416,3.2209737827715358e-06,4.693140794223827,1300,,,,,,,,,
0.2392956256866455,1.1435401439666748,2.4719101123595505e-06,4.765342960288809,1320,,,,,,,,,
0.2732063055038452,1.193092703819275,1.7228464419475654e-06,4.837545126353791,1340,,,,,,,,,
0.24078080654144288,1.1320158243179321,9.737827715355806e-07,4.909747292418773,1360,,,,,,,,,
0.2720776081085205,0.728972852230072,2.2471910112359554e-07,4.981949458483754,1380,,,,,,,,,
,,,5.0,1385,0.2067958265542984,14.1262,78.365,4.955,,,,,
,,,5.0,1385,,,,,1297.1439,34.125,1.068,3812667190824960.0,0.5193852297235482
