input,prediction,gold,cer
split: सीमै + व,सीमा+एव,सीमा+एव,0.0
split: प्र + ाणिति,प्र+अणिति,प्र+अनिति,0.1111111111111111
split: पुनर + ्ग्रामे,पुनः+ग्रामे,पुनः+ग्रामे,0.0
split: विचित्रे + यम्,विचित्रे+अयम्,विचित्रा+इयम्,0.15384615384615385
split: तान्त्रिकश + ्च,तान्त्रिकः+च,तान्त्रिकः+च,0.0
split: कश्चिद् +  अजः,कश्चित्+अजः,कश्चित्+अजः,0.0
split: स्वधा + ऽथ,स्वधा+अथ,स्वधा+अथ,0.0
split: शूर्प + णखा,शूर्प+अणखा,शूर्प+नखा,0.2
split: च + ागत्य,च+आगत्य,च+आगत्य,0.0
split: एवं  + द्विविधाप्रा,एवम्+द्विविधा+अपि,एवम्+द्विविध+अप्रामाण्य,0.391304347826087
split: प्रवेशो +  दुर्लभः,प्रवेशः+अदुर्लभः,प्रवेशः+दुर्लभः,0.0625
split: भूपालस + ्तमवदत्,भूपालः+तमवदत्,भूपालः+तम्+अवदत्,0.1875
split: ज्ञानं  + स्वरूपान्वया,ज्ञानम्+स्वरूपान्वया,ज्ञानम्+स्वरूप+अन्वय+अनु,0.25
split: उदीचां  + माङो व्यतीहा,उदीचाम्+माङः+अव्यतीहा,उदीचाम्+माङः+व्यतीहारे,0.13636363636363635
split: सङ्घस + ्तु,सङ्घः+तु,सङ्घः+तु,0.0
split: धारणा + ऽभवत्,धारणा+अभवत्,धारणा+अभवत्,0.0
split: महस + ्परि,महः+परि,महः+परि,0.0
split: प्रतिकारो +  न,प्रतिकारः+न,प्रतिकारः+न,0.0
split: ्तमैकाभ्यां  + च,तमैकाभ्याम्+च,उत्तमैकाभ्याम्+च,0.1875
split: प्रभासश + ्च,प्रभासः+च,प्रभासः+च,0.0
split: निर्गन्धं  + कुसुममिति,निर्गन्धं+कुसुमम्+इति,निर्गन्धम्+कुसुमम्+इति,0.09090909090909091
split: स्थानन् + तद्योगैरपि,स्थानम्+तद्योगैः+अपि,स्थानम्+तत्+योगैः+अपि,0.09523809523809523
split: परेण + ान्वयः,परेण+अन्वयः,परेण+अन्वयः,0.0
split: संज्ञायामु + पमानम्‌,संज्ञायाम्+उपमानम्,संज्ञायाम्+उपमानम्,0.0
split: स्यादे + वमन्यत्तु,स्यात्+एव+अन्यत्तु,स्यात्+एवम्+अन्यत्+तु,0.14285714285714285
split: अपरमप + ि,अपरम्+अपि,अपरम्+अपि,0.0
split: कवित्व + ोत्पत्ति,कवित्व+उत्पत्ति,कवित्व+उत्पत्ति,0.0
split: ओं  + वै,ओम्+वै,ओम्+वै,0.0
split: प्रथममु + द्देशः,प्रथमम्+उद्देशः,प्रथमम्+उद्देशः,0.0
split: शक + न्धुः,शक+अन्धुः,शक+अन्धुः,0.0
split: भरत + र्षभ,भरत+अर्षभ,भरत+ऋषभ,0.3333333333333333
split: संज्ञायां  + मन्माभ्याम्.,संज्ञायाम्+मन्माभ्याम,संज्ञायाम्+मन्माभ्याम्,0.045454545454545456
split: जला + षाट्,जला+आषाट्,जला+साट्,0.2222222222222222
split: ग्रन्थ  + इति,ग्रन्थ +इति,ग्रन्थः+इति,0.09090909090909091
split: कारणत्व + ानुपपत्तिः,कारणत्व+अनुपपत्तिः,कारणत्व+अनुपपत्तिः,0.0
split: को +  दोष दोष इति,कः+दोष दोष इति,कः+दोषः+दोषः+इति,0.25
split: व्यवसाय + ात्मिका,व्यवसाय+आत्मिका,व्यवसाय+आत्मिका,0.0
split: उक्त्‍व + ैवम्,उक्त्व+एवम्,उक्त्वा+एव,0.2727272727272727
split: दृष्ट्वा + स्य,दृष्ट्वा+अस्य,दृष्ट्वा+अस्य,0.0
split: चिरादद + ्य,चिरादत्+अद्य,चिरात्+अद्य,0.08333333333333333
split: नार्यजुष्टमस + ्वर्ग्यमकीर्,नार्यजुष्टम्+अस्,अनार्यजुष्टम्+अस्वर्ग्यम्+अकीर्तिकरम्+अर्जुन,0.6363636363636364
split: स्वयमे + व,स्वयम्+एव,स्वयम्+एव,0.0
split: तमा + मं,तम्+आमं,तम्+आमं,0.0
split: वन्ध्ये + ति,वन्ध्ये+इति,वन्ध्या+इति,0.09090909090909091
split: हृक्रोर + न्यतरस्याम्,हृक्रोः+अन्यतरस्याम्,हृक्रोः+अन्यतरस्याम्,0.0
split: सङ्गो + ऽस्त्वकर्मणि,सङ्गः+अस्त्वकर्मणि,सङ्गः+अस्तु+अकर्मणि,0.15789473684210525
split: प्रायस + ्ते,प्रायः+ते,प्रायः+ते,0.0
split: वार्ता + ऽस्ति,वार्ता+अस्ति,वार्ता+अस्ति,0.0
split: कंसमा + नाय्य,कंसम्+आनाय्य,कंसम्+आनाय्य,0.0
split: संयोगादिश + ्च,संयोगादिः+च,संयोगादिः+च,0.0
split: पञ्चम्यास + ्तसिल्,पञ्चम्याः+तसिल्,पञ्चम्याः+तसिल्,0.0
split: उद  + ईत्‌,उदः+ईत्,उदः+ईत्,0.0
split: विभाकरश + ्च,विभाकरः+च,विभाकरः+च,0.0
split: नन् + वेवं सोऽयं स,नन्+वेवं सोऽयम्,ननु+एवम्+सः+अयम्+सः+अयम्+न,0.6923076923076923
split: विद्युल्लते + व,विद्युल्लता+एव,विद्युल्लता+इव,0.07142857142857142
split: कषाय + पाणः,कषाय+अपाणः,कषाय+पानः,0.2
split: पूर्वं  + तु भाषायाम्,पूर्वम्+तु भाषायाम्,पूर्वम्+तु+भाषायाम्,0.05263157894736842
split: सै + ष दाशरथी राम,सै+एष दाशरथी राम,सः+एष दाशरथी रामः,0.11764705882352941
split: कुमारस + ्ततो यद् यद्,कुमारः+ततः+अद्यद्,कुमारः+ततः+यत्+यत्+यत्+आदिशति,0.5172413793103449
split: दूतो + ऽहमस्मि,दूतः+अहमस्मि,दूतः+अहम्+अस्मि,0.2
split: पञ्चमो + ध्यायः,पञ्चमः+अध्यायः,पञ्चमः+अध्यायः,0.0
split: भवत् + यच्छमेव,भवत्+यच्छमेव,भवति+अच्छम्+एव,0.35714285714285715
split: भवितव्यमि + ति,भवितव्यम्+इत,भवितव्यम्+इति,0.07692307692307693
split: एष  + एव,एष +एव,एषः+एव,0.16666666666666666
split: त्वं  + सह,त्वम्+सह,त्वम्+सह,0.0
split: रतुयज्ञेभ्यश + ्च,रतुयज्ञेभ्यः+,क्रतुयज्ञेभ्यः+च,0.1875
split: शाब्दबोध + ापत्तिः,शाब्दबोध+अपत्तिः,शाब्दबोध+आपत्तिः,0.0625
split: परितो +  हि,परितः+अहि,परितः+हि,0.1111111111111111
split: तालादिभ्यो + ऽण्,तालादिभ्यः+अण्,तालादिभ्यः+अण्,0.0
split: तदा + ऽसौ,तदा+असौ,तदा+असौ,0.0
split: ात्वर्थीभूते + ति,आत्वर्थीभूता+इति,धात्वर्थीभूता+इति,0.11764705882352941
split: तिङस + ्त्रीणि त्री,तिङः+त्रीणि+इति,तिङः+त्रीणि+त्रीणि+प्रथममध्यमोत्तमाः,0.6388888888888888
split: यो + रधि,यः+अधि,यः+अधि,0.0
split: तद्वदु + पाधिरपि,तद्वत्+उपाधिः+अपि,तद्वत्+उपाधिः+अपि,0.0
split: अन्यपदार्थे +  च संज्ञायाम,अन्यपदार्था+च,अन्यपदार्थे+च+संज्ञायाम्,0.5
split: एवमो + दनः,एवमः+अदनः,एवम्+ओदनः,0.2222222222222222
split: तथा + ऽविद्या,तथा+अविद्या,तथा+अविद्या,0.0
split: त् + वव,तु+अव,तु+अव,0.0
split: ततो +  हा,ततः+अहा,ततः+हा,0.14285714285714285
split: श्रीमाने + ष न,श्रीमाने+एषन,श्रीमान्+एषः+न,0.21428571428571427
split: खल् + वेषः,खलु+एषः,खलु+एषः,0.0
split: ओं  + नाना,ओं +अनाना,ओम्+नाना,0.3333333333333333
split: धूमो + ऽग्निरिति,धूमः+अग्निरिति,धूमः+अग्निः+इति,0.2
split: स  + तेन,स +इन,सः+तेन,0.5
split: अनिगन्तो + ऽञ्चतौ वप्रत,अनिगन्तः+अञ्चतौ,अनिगन्तः+अञ्चतौ+वप्रत्यये,0.4
split: दहनो + ऽस्त्येव,दहनः+अस्त्येव,दहनः+अस्ति+एव,0.23076923076923078
split: पुनर + ्न,पुनः+न,पुनः+न,0.0
split: दश + ्च,दश+च,दः+च,0.25
split: वित्तो +  भोगप्रत्ययय,वित्तः+भोगप्रत्ययययः,वित्तः+भोगप्रत्यययोः,0.05
split: स  + एवात्र,स +एव+अत्र,सः+एव+अत्र,0.1
split: विधानमन + ्तरेणातो न,विधानम्+अन्तरेणातः,विधानम्+अन्तरेण+अतः+न,0.19047619047619047
split: पुनर + ्भृशं,पुनः+भृशं,पुनः+भृशं,0.0
split: मुखमप + श्यत्,मुखम्+अपश्यत्,मुखम्+अपश्यत्,0.0
split: रामो +  हि,रामः+अहि,रामः+हि,0.125
split: स्थितिर + स्ति,स्थितिः+स्ति,स्थितिः+अस्ति,0.07692307692307693
split: अणि + नुणः,अणि+अनुणः,अण्+इनुणः,0.2222222222222222
split: चत्वारस + ्तु,चत्वारः+तु,चत्वारः+तु,0.0
split: पञ्च + ेति,पञ्च+इति,पञ्च+इति,0.0
split: स  + धन्वी,स +अधन्वी,सः+धन्वी,0.2222222222222222
split: एतद् + धि,एतत्+धि,एतद्+हि,0.2857142857142857
split: मया + ऽस्य,मया+अस्य,मया+अस्य,0.0
split: स्वर + ्यातः,स्वर+अतः,स्वः+यातः,0.3333333333333333
split: स  + बुद्धिमान्मन,स +अबुद्धिमान्मन,सः+बुद्धिमान्+मनुष्येषु,0.43478260869565216
split: ते + ऽवस्थिताः,ते+अवस्थिताः,ते+अवस्थिताः,0.0
split: योजनं  + गच्छति,योजनम्+गच्छति,योजनम्+गच्छति,0.0
split: घटो +  नित्य नित्य,घटः+अनित्य+अनित्य,घटः+नित्यः+नित्यः+इति,0.38095238095238093
split: कर्म + ेति,कर्म+इति,कर्म+इति,0.0
split: प्रामाण्यं  + स्वतस्तत्राप,प्रामाण्यम्+अस्वतस्तत,प्रामाण्यम्+स्वतः+तत्र+अपि,0.34615384615384615
split: तत् + तेनैव,तत्+तेन+एव,तत्+तेन+एव,0.0
split: द्विगुर + ेकवचनम्‌,द्विगुः+एकवचनम्,द्विगुः+एकवचनम्,0.0
split: शक्तिर + ेकत्र,शक्तिः+एकत्र,शक्तिः+एकत्र,0.0
split: योन्योपपदाच् + च,अन्योपपदात्+च,इतरेतरान्योन्योपपदात्+च,0.4782608695652174
split: कियन् + मूल्यं,कियत्+मूल्यं,कियत्+मूल्यं,0.0
split: कर्म + ेन्द्रियाणि,कर्म+इन्द्रियाणि,कर्म+इन्द्रियाणि,0.0
split: सैन्यमा + दिष्टम्,सैन्यम्+आदिष्टम्,सैन्यम्+आदिष्टम्,0.0
split: स्थितो +  भूत्वा,स्थितः+भूत्वा,स्थितः+भूत्वा,0.0
split: रसमा + मं,रसम्+आमं,रसम्+आमं,0.0
split: त् + ‍वतीव,तु+अतीव,तु+अतीव,0.0
split: वो + ऽस्तु,वः+अस्तु,वः+अस्तु,0.0
split: तदय + ुक्तमित्युक्,तत्+अयुक्तम्+इति,तत्+अयुक्तम्+इति+उक्तम्+इति+आशङ्क्य,0.5428571428571428
split: एवमि + हापि,एवम्+इह+अपि,एवम्+इह+अपि,0.0
split: ्युत्सादयांप + ्रजनयांचिकया,प्रजनयांचिकयाम्,अभ्युत्सादयाम्+प्रजनयाम्+चिकयाम्+रमयाम्+अकः+पावयांक्रियात्+विदामक्रन्+इति+छन्दसि,0.825
split: पत्तनं  + हि,पत्तनम्+हि,पत्तनम्+हि,0.0
split: वायुवदि + ति,वायुवत्+इति,वायुवत्+इति,0.0
split: प्रोक्ताल् + लुक्,प्रोक्तात्+लुक्,प्रोक्तात्+लुक्,0.0
split: तस्माद् + यस्य,तस्मात्+यस्य,तस्मात्+यस्य,0.0
split: मां  + तातः,माम्+तातः,माम्+तातः,0.0
split: लोपो +  व्योर्वलि,लोपः+अव्योः+वलि,लोपः+व्योः+वलि,0.06666666666666667
split: असंज्ञायां  + तिलयवाभ्याम्,असंज्ञायाम्+तिलयवाभ्य,असंज्ञायाम्+तिलयवाभ्याम्,0.125
split: रिपुर + ्न,रिपुः+न,रिपुः+न,0.0
split: नर  + इव,नर +इव,नरः+इव,0.16666666666666666
split: किं  + चात्र,किम्+चात्र,किम्+च+अत्र,0.18181818181818182
split: द्रव्ययज्ञास + ्तपोयज्ञा यो,द्रव्ययज्ञाः+तपोयज्ञा,द्रव्ययज्ञाः+तपः+यज्ञाः+योगयज्ञाः+तथा+अपरे,0.5
split: ान्तिकार्थैः +  षष्ठ्यन्यतर,अन्तिकार्थैः+अषष्ठ्यन,दूरान्तिकार्थैः+षष्ठी+अन्यतरस्याम्,0.5
split: मोहितं  + नाभिजानाति,मोहितम्+नाभिजानाति,मोहितम्+न+अभिजानाति,0.10526315789473684
split: तथाप् + यहं,तथाप्+यहं,तथापि+अहं,0.2222222222222222
split: सोमन् + तत्र,सोमम्+तत्र,सोमम्+तत्र,0.0
split: हतस + ्तदा,हतः+तदा,हतः+तदा,0.0
split: उन्मत्तो +  भूत्वा,उन्मत्तः+भूत्वा,उन्मत्तः+भूत्वा,0.0
split: प्रतिज्ञै + व,प्रतिज्ञा+एव,प्रतिज्ञा+एव,0.0
split: गौर + िति,गौः+इति,गौः+इति,0.0
split: जितेन्द्रियो +  जडस्तु,जितेन्द्रियः+अजडस्तु,जितेन्द्रियः+जडः+तु,0.15
split: तदि + दमहं,तत्+इदम्+अहं,तत्+इदम्+अहम्,0.15384615384615385
split: कर्त्तव्यस + ्तपसो लाभः,कर्त्तव्यः+तपसः+अभः,कर्त्तव्यः+तपसः+लाभः,0.1
split: सद्यो + ऽहं ते,सद्यः+अहं ते,सद्यः+अहम्+ते,0.23076923076923078
split: तादृश + ोभय,तादृश+उभय,तादृश+उभय,0.0
split: दरिद्र  + इति,दरिद्र +इति,दरिद्रः+इति,0.09090909090909091
split: मयो + क्तो मैथिली,मयः+उक्तः+अथिली,मया+उक्तः+मैथिली,0.1875
split: उप + ोषति,उप+उषति,उप+ओषति,0.14285714285714285
split: च + ैतद्विभजनमनु,च+एतद्विभजनमनु,च+एतद्विभजनम्+अनुपपन्नम्+मम+अपि,0.5483870967741935
split: धेनुर + िति,धेनुः+इति,धेनुः+इति,0.0
split: अर्थश + ्च,अर्थः+च,अर्थः+च,0.0
split: संस्कृतमे + व,संस्कृतम्+एव,संस्कृतम्+एव,0.0
split: ह् + येते,हि+एते,हि+एते,0.0
split: अयमक + ्रमः,अयम्+अक्रमः,अयम्+अक्रमः,0.0
split: व्यधो +  मन्थो मन्थो,व्यधः+अन्थः,व्यधः+मन्थः+मन्थः+ग्रहः+ग्रहः+दाहः+च,0.7222222222222222
split: सम्यग् + व्यवसितो हि,सम्यक्+व्यवसितः+अहि,सम्यक्+व्यवसितः+हि,0.05263157894736842
split: एवमप + ि,एवम्+अपि,एवम्+अपि,0.0
split: मामप + ्रतीकारमशस्त,मामप+अप्रतीकारम्+अशस्त,माम्+अप्रतीकारम्+अशस्त्रम्+शस्त्रपाणयः,0.4473684210526316
split: अत + ः एव,अतः+एव,अत+एव,0.16666666666666666
split: बिलं  + खनति,बिलम्+खनति,बिलम्+खनति,0.0
split: योद्धव्यमस + ्मिन्रणसमुद्,योद्धव्यम्+अस्मिन्रणस,योद्धव्यम्+अस्मिन्+रणसमुद्यमे,0.27586206896551724
split: बोधितं  + तत्तेनैव,बोधितम्+तत्तेन+एव,बोधितम्+तत्+तेन+एव,0.05555555555555555
split: स  + केन,स +एन,सः+केन,0.5
split: शीघ्रं  + निगृह्यानय,शीघ्रम्+अनिगृह्यानय,शीघ्रम्+निगृह्य+आनय,0.15789473684210525
split: को +  वार्थः,कः+वार्थः,कः+वा+अर्थः,0.18181818181818182
split: तमु + पसृत्य,तम्+उपसृत्य,तम्+उपसृत्य,0.0
split: ओं  + तत्,ओम्+तत्,ओम्+तत्,0.0
split: प्रयोजनं  + तत्र,प्रयोजनम्+तत्र,प्रयोजनम्+तत्र,0.0
split: भवितव्यमि + त्याह,भवितव्यम्+इत,भवितव्यम्+इति+आह,0.25
split: अभावो + ऽपि,अभावः+अपि,अभावः+अपि,0.0
split: रोषो +  हर्षः,रोषः+अहर्षः,रोषः+हर्षः,0.09090909090909091
split: सङ् + कल्पप्रभवान्,सम्+कल्पप्रभवान्,सम्+कल्पप्रभवान्+कामान्+त्यक्त्वा,0.5151515151515151
split: अत  + आदेः,अतः+आदेः,अतः+आदेः,0.0
split: क्सस्य + ाचि,क्सस्य+अचि,क्सस्य+अचि,0.0
split: कामो + ऽपि,कामः+अपि,कामः+अपि,0.0
split: यन् + मेदिनी,यत्+मेदिनी,यत्+मेदिनी,0.0
split: स्वरितमा + म्रेडितेऽसूय,स्वरितम्+आम्रेडिता+असू,स्वरितम्+आम्रेडिते+असूयासम्मतिकोपकुत्सनेषु,0.5
split: इतरथे + ति,इतरथा+इति,इतरथा+इति,0.0
split: जातिर + ्न,जातिः+न,जातिः+न,0.0
split: हेतुर + ्नास्ति,हेतुः+नास्ति,हेतुः+नास्ति,0.0
split: ते + ऽस्ति,ते+अस्ति,ते+अस्ति,0.0
split: ततो +  भूयः,ततः+भूयः,ततः+भूयः,0.0
split: सकलमप + ्यौर्द्ध्वदे,सकलम्+अपि+उर्द्ध्वदे,सकलम्+अपि+और्द्ध्वदेहिकम्+सुचारु,0.40625
split: थट् +  च च्छन्दसि,थट्+च च्छन्दसि,थट्+च+छन्दसि,0.21428571428571427
split: समुदित + ार्थः,समुदित+अर्थः,समुदित+अर्थः,0.0
split: चिल्ला + ऽपि,चिल्ला+अपि,चिल्ला+अपि,0.0
split: यदध + ुना,यत्+अधुना,यत्+अधुना,0.0
split: अर्जुनमप + ि,अर्जुनम्+अ,अर्जुनम्+अपि,0.16666666666666666
split: तपसश + ्च,तपसः+च,तपसः+च,0.0
split: तस्मादि + ति,तस्मात्+इति,तस्मात्+इति,0.0
split: तच् + छिवः,तत्+छिवः,तत्+शिवः,0.125
split: यन् + नाम,यत्+नाम,यत्+नाम,0.0
split: केवलं  + प्रत्ययः,केवलम्+प्रत्ययः,केवलम्+प्रत्ययः,0.0
split: अनुदात्तस्य +  च यत्रोदात्,अनुदात्तस्य+च,अनुदात्तस्य+च+यत्र+उदात्तलोपः,0.5517241379310345
split: नस + ्तद्धिते,नः+तद्धिते,नः+तद्धिते,0.0
split: यावदह + मपि,यावत्+अहम्,यावद्+अहम्+अपि,0.35714285714285715
split: इदानीं  + तु,इदानीम्+तु,इदानीम्+तु,0.0
split: चिकित्सा + ऽपि,चिकित्सा+अपि,चिकित्सा+अपि,0.0
split: दूरतो + ऽपि,दूरतः+अपि,दूरतः+अपि,0.0
split: त्वगे + व,त्वगे+एव,त्वक्+एव,0.25
split: यावत् + पुरो गच्छति,यावत्+पुरः+गच्छति,यावत्+पुरः+गच्छति,0.0
split: निग्रह  + इति,निग्रह +इति,निग्रहः+इति,0.09090909090909091
split: त् + वित्यर्थः,तु+अर्थः,तु+इति+अर्थः,0.3333333333333333
split: ज्ञात्वै + व,ज्ञात्वा+एव,ज्ञात्वा+एव,0.0
split: वृद्धाट् + ठक् सौवीरेषु,वृद्धात्+ठक्+सौवीरेषु,वृद्धात्+ठक्+सौवीरेषु+बहुलम्,0.25
split: पटत्पटा + ,पटत्पटा+इति,पटत्पटत्+आ,0.45454545454545453
split: ट्टलुण्टवृङः +  षाकन्,ट्टलुण्टवृङः,जल्पभिक्षकुट्टलुण्ठवृङः+षाकन्,0.6206896551724138
split: कुलक्षयकृतं  + दोषं प्रपश्य,कुलक्षयकृतं,कुलक्षयकृतम्+दोषम्+प्रपश्यद्भिः+जन+अर्दन,0.75
split: प्रकाशकस + ्‍तु,प्रकाशकः+तु,प्रकाशकः+तु,0.0
split: अयमद + ्य,अयम्+अद्य,अयम्+अद्य,0.0
split: ज्ञेयमस + ्माभिः,ज्ञेयम्+अस+अभिः,ज्ञेयम्+अस्माभिः,0.1875
split: एष  + समाचारः,एष +असमाचारः,एषः+समाचारः,0.16666666666666666
split: श्रद्धावाँल + ्लभते,श्रद्धावान्+लभते,श्रद्धावान्+लभते,0.0
split: निमित्तमु + क्तम्,निमित्तम्+उक्तम्,निमित्तम्+उक्तम्,0.0
split: सुष्ठू + क्तम्,सुष्ठू+उक्तम्,सुष्ठु+उक्तम्,0.07692307692307693
split: िमित्तकारणमि + ति,इमित्तकारणम्+इति,निमित्तकारणम्+इति,0.11764705882352941
split: च + ाग्रे,च+अग्रे,च+अग्रे,0.0
split: यत् + तावदुक्तम्,यत्+तावदुक्तम्,यत्+तावत्+उक्तम्,0.25
split: कूर्मो + ऽपि,कूर्मः+अपि,कूर्मः+अपि,0.0
split: इत  + एवागच्छति,इति+एव+अगच्छति,इतः+एव+आगच्छति,0.14285714285714285
split: निर्गुण  + एवेति,निर्गुण +एव+इति,निर्गुणः+एव+इति,0.06666666666666667
split: प्रयोजनं  + वाच्यं वाच्य,प्रयोजनं,प्रयोजनम्+वाच्यम्+वाच्यम्,0.72
split: सिक्तो + ऽभवत्,सिक्तः+अभवत्,सिक्तः+अभवत्,0.0
split: तादृश + ाऽप्रामाण्य,तादृश+अप्रामाण्य,तादृश+अप्रामाण्य,0.0
split: किमत + ः,किमत्+अतः,किम्+अतः,0.1111111111111111
split: चकितमि + व,चकितम्+इव,चकितम्+इव,0.0
split: पदमि + त्युक्तं,पदम्+इति+उक्तं,पदम्+इति+उक्तं,0.0
split: मा + त्र,मा+अत्र,मा+अत्र,0.0
split: व्यधजपोर + नुपसर्गे,व्यधजपोः+अनुपसर्गे,व्यधजपोः+अनुपसर्गे,0.0
split: टकटुककाण्डं  + गर्हायाम्,टकटुककाण्डं,चेलखेटकटुककाण्डम्+गर्हायाम्,0.6296296296296297
split: शाछोरन् + यतरस्याम्,शाछोरम्+अतरस्याम्,शाच्छोः+अन्यतरस्याम्,0.4
split: हृदयं  + गत्वा,हृदयम्+गत्वा,हृदयम्+गत्वा,0.0
split: को + ऽभिप्रायः,कः+अभिप्रायः,कः+अभिप्रायः,0.0
split: मन्दिरमा + गतं,मन्दिरम्+आगतं,मन्दिरम्+आगतं,0.0
split: आयु + ष्टोमः,आयु+उष्टोमः,आयु+स्तोमः,0.2727272727272727
split: तस्माद् +  गृहं,तस्मात्+गृहं,तस्मात्+गृहं,0.0
split: मां  + भक्त्या,माम्+भक्त्या,माम्+भक्त्या,0.0
split: स  + सर्वेषु,स +असर्वेषु,सः+सर्वेषु,0.18181818181818182
split: दीर्घो +  लघोः,दीर्घः+अलघोः,दीर्घः+लघोः,0.08333333333333333
split: यत् + पुण्यफलम्प्र,यत्+पुण्यफलम्+प्रति,यत्+पुण्यफलम्+प्रदिष्टम्,0.25
split: त्रुटिर + ्वा,त्रुटिः+वा,त्रुटिः+वा,0.0
split: आमूलं  + विनष्टो,आमूलम्+विनष्टः,आमूलम्+विनष्ट,0.07142857142857142
split: विमर्श  + आह,विमर्श +आह,विमर्शः+आह,0.1
split: तेन + ोक्तं,तेन+उक्तं,तेन+उक्तं,0.0
split: एकत्व + ान्वयः,एकत्व+अन्वयः,एकत्व+अन्वयः,0.0
split: शूको +  दूषकः,शूकः+अदूषकः,शूकः+दूषकः,0.09090909090909091
split: इतो + ऽधिको वरीयान,इतः+अधिकः+अवरीयान,इतः+अधिकः+वरीयान्,0.11764705882352941
split: श्रीभगवानु + वाच,श्रीभगवानु+उवाच,श्रीभगवान्+उवाच,0.06666666666666667
split: स  + लोके,स +अलोके,सः+लोके,0.25
split: सहयुक्ते + ऽप्रधाने,सहयुक्ते+अप्रधाने,सहयुक्ते+अप्रधाने,0.0
split: जनपदिनां  + जनपदवत्‌ सर्,जनपदिनाम्+जनपदवत्,जनपदिनाम्+जनपदवत्+सर्वम्+जनपदेन+समानशब्दानाम्+बहुवचने,0.6792452830188679
split: विदुरश + ्चैव,विदुरः+च+एव,विदुरः+च+एव,0.0
split: स  + विस्मयान्वित,स +अविस्मयान्विति,सः+विस्मयान्वितः,0.17647058823529413
split: नारद  + उवाच,नारत्+उवाच,नारदः+उवाच,0.2
split: पचत् + यन्नं,पचत्+यन्नं,पचति+अन्नं,0.2
split: छुरिका + ऽपि,छुरिका+अपि,छुरिका+अपि,0.0
split: अधिर + ीश्वरे,अधिः+इश्वरे,अधिः+ईश्वरे,0.09090909090909091
split: चतुष्पदो +  ब्रह्मा,चतुष्पदः+अब्रह्मा,चतुष्पदः+ब्रह्मा,0.058823529411764705
split: स  + पशुः,स +अपशुः,सः+पशुः,0.25
split: पितरो +  ह्येषां लुप,पितरः+अह्येषां,पितरः+हि+एषाम्+लुप्तपिण्ड+उदकक्रियाः,0.7777777777777778
split: लक्ष्मीर + ्देवी,लक्ष्मीः+देवी,लक्ष्मीः+देवी,0.0
split: तथ्यमि + दं,तथ्यम्+इदं,तथ्यम्+इदं,0.0
split: स्यामु + पहन्यामिमाः,स्याम्+उपहन्यामिमाः,स्याम्+उपहन्याम्+इमाः,0.14285714285714285
split: साधूने + व,साधूने+एव,साधून्+एव,0.1111111111111111
split: तान् + निबोध,तान्+निबोध,तान्+निबोध,0.0
split: अनुत्तमश + ्च,अनुत्तमः+च,अनुत्तमः+च,0.0
split: सङ्गतं  + ज्ञात्वा,सङ्गतम्+ज्ञात्वा,सङ्गतम्+ज्ञात्वा,0.0
split: सव्यभिचार  + इति,सव्यभिचारः+इति,सव्यभिचारः+इति,0.0
split: प्रागभावो +  हेतुः,प्रागभावः+हेतुः,प्रागभावः+हेतुः,0.0
split: साकं  + निवसति,साकम्+अनिवसति,साकम्+निवसति,0.07692307692307693
split: नियमो +  नास्ति,नियमः+अनास्ति,नियमः+न+अस्ति,0.23076923076923078
split: प्रभावो + ऽस्ति,प्रभावः+अस्ति,प्रभावः+अस्ति,0.0
split: तदोः +  सः सावनन्त्,तदः+असः+अवनन्त्र,तदोः+सः+सौ+अनन्त्ययोः,0.47619047619047616
split: ादृशव्यापारश + ्च,आदृशव्यापारः+च,तादृशव्यापारः+च,0.13333333333333333
split: खल् + वापः,खलु+अपः,खलु+आपः,0.14285714285714285
split: दोषावस्कराद् + वुन्,दोषावस्करात्+एव,पूर्वाह्णापराह्णार्द्रामूलप्रदोषावस्करात्+वुन्,0.717391304347826
split: वार्षिकमा + शु,वार्षिकम्+आशु,वार्षिकम्+आशु,0.0
split: क्षायो +  मः,क्षायः+अमः,क्षायः+मः,0.1
split: संवृत्तो + ऽस्मि,संवृत्तः+अस्मि,संवृत्तः+अस्मि,0.0
split: सिचो +  यङि,सिचः+अयङि,सिचः+यङि,0.1111111111111111
split: सिद्धो +  भवति,सिद्धः+भवति,सिद्धः+भवति,0.0
split: तुमुन्ण्वुलौ +  क्रियायां क,तुमुन्ण्वुलौ,तुमुन्ण्वुलौ+क्रियायाम्+क्रियार्थायाम्,0.6842105263157895
split: नपुंसकमि + ति,नपुंसकम्+इति,नपुंसकम्+इति,0.0
split: विधिर + ेष,विधिः+एष,विधिः+एष,0.0
split: ीददशैकादशात् + ‌ ष्ठन्ष्ठचौ,ददशैकादशात्+स्थिददशैक,कुसीददशैकादशात्+ष्ठन्ष्ठचौ,0.5
split: प्रतिष्कशश + ्च कशेः,प्रतिष्कशः+च+कशेः,प्रतिष्कशः+च+कशेः,0.0
split: व्याप्तिर + ्नाम,व्याप्तिः+नाम,व्याप्तिः+नाम,0.0
split: मशकश + ्चेत्,मशकः+च+इत्,मशकः+चेत्,0.2
split: भीमञ् + च,भीमम्+च,भीमम्+च,0.0
split: प्रत्येकमि + ति,प्रत्येकम्+इति,प्रत्येकम्+इति,0.0
split: निपातैर + ्यद्यदिहन्तक,निपातैः+यद्यदिहन्तक,निपातैः+यद्यदिहन्तकुविन्नेच्चेच्चण्कच्चिद्यत्रयुक्तम्,0.6415094339622641
split: असा + वपि,असा+अपि,असौ+अपि,0.14285714285714285
split: आत  + ऐ,आत्+ऐ,आतः+ऐ,0.2
split: धनुर + ्वक्रा,धनुः+वक्रा,धनुः+वक्रा,0.0
split: योग + ारूढस्तदोउच्,योग+अरूढस्तदः+उच्छ,योग+आरूढः+तदा+उच्यते,0.35
split: किञ्चिदव + ोचद् ततः,किञ्चितव+उचत्+ततः,किञ्चित्+अवोचत्+ततः,0.21052631578947367
split: पश्चाच् + च,पश्चात्+च,पश्चात्+च,0.0
split: किमव + ितथा,किम्+अवितथा,किम्+अवितथा,0.0
split: हन्युस + ्तन्मे,हन्युः+तन्मे,हन्युः+तत्+मे,0.15384615384615385
split: भस्य +  टेर्लोपः,भस्य+इर्लोपः,भस्य+टेः+लोपः,0.3076923076923077
split: रणो +  महान्,रणः+अहान्,रणः+महान्,0.1111111111111111
split: यावन् + नायाति,यावत्+नायाति,यावत्+न+आयाति,0.15384615384615385
split: प्रभृत् + यर्थः,प्रभृति+अर्थः,प्रभृति+अर्थः,0.0
split: च + ाक्षिपत्,च+अक्षिपत्,च+अक्षिपत्,0.0
split: तथा + युक्तं चानिप,तथा+अयुक्तं,तथा+युक्तम्+च+आनिप्सीतम्,0.6666666666666666
split: तदश + िष्यं संज्ञा,तदश+इष्यम्+संज्ञा,तत्+अशिष्यम्+संज्ञाप्रमाणत्वात्,0.5483870967741935
split: स  + मम,स +अमम,सः+मम,0.3333333333333333
split: भुञ्जानश + ्चैत्रः,भुञ्जानः+च+एत्रः,भुञ्जानः+चैत्रः,0.125
split: शान्तरजसम् + ब्रह्मभूतमकल,शान्तरजसम्+ब्रह्मभूतम,शान्तरजसम्+ब्रह्मभूतम्+अकल्मषम्,0.3225806451612903
split: पुत्रस + ्‍ते,पुत्रः+ते,पुत्रः+ते,0.0
split: नलोपो +  नञः,नलोपः+अनञः,नलोपः+नञः,0.1
split: पुनर + ुज्जीवनम्,पुनः+उज्जीवनम्,पुनः+उज्जीवनम्,0.0
split: अद्य + +एव,अद्य+एव,अद्य+एव,0.0
split: योग्यते + ति,योग्यता+इति,योग्यता+इति,0.0
split: ईश्वरस + ्तेन,ईश्वरः+तेन,ईश्वरः+तेन,0.0
split: तावदे + का,तावत्+एका,तावत्+एका,0.0
split: न + ाऽयम्,न+अयम्,न+अयम्,0.0
split: शाब्दबोध  + इष्ट इष्ट एव,शाब्दबोधः+इष्ट एव,शाब्दबोधः+इष्टः+इष्टः+एव+इति,0.42857142857142855
split: अन्यदि + ति,अन्यत्+इति,अन्यत्+इति,0.0
split: प्रस्तारो +  विभुः,प्रस्तारः+विभुः,प्रस्तारः+विभुः,0.0
split: सो + ऽति,सः+अति,सः+अति,0.0
split: द्वितीयो + पि,द्वितीयः+अपि,द्वितीयः+अपि,0.0
split: न + ेड् वशि कृति,न+इड्+वशि+कृति,न+इट्+वशि+कृति,0.07142857142857142
split: ध्रुवो +  मृत्युः,ध्रुवः+अमृत्युः,ध्रुवः+मृत्युः,0.06666666666666667
split: श्रुतं  + यद्,श्रुतम्+यद्,श्रुतम्+यद्,0.0
split: कुर्वद् +  हि,कुर्वत्+हि,कुर्वत्+हि,0.0
split: व्यवधानमे + कं,व्यवधानम्+एव,व्यवधानम्+एकं,0.15384615384615385
split: निर + ाहारस्य,निः+आहारस्य,निः+आहारस्य,0.0
split: पृथगभ + िधानमिति,पृथगभ्+इधानम्+इति,पृथक्+अभिधानम्+इति,0.2777777777777778
split: द्वितीये +  चानुपाख्ये,द्वितीये+च+अनुपाख्ये,द्वितीये+च+अनुपाख्ये,0.0
split: सुवर्णं  + रजतञ्चैव,सुवर्णम्+अजतञ्चैव,सुवर्णम्+रजतम्+च+एव,0.2631578947368421
split: धन्यो + ऽहं,धन्यः+अहं,धन्यः+अहं,0.0
split: ईदृशो +  जनश्चेत्,ईदृशः+जनः+च+इत्,ईदृशः+जनः+चेत्,0.13333333333333333
split: यत् + कृतं कर्म,यत्+कृतं कर्म,यत्+कृतम्+कर्म,0.21428571428571427
split: प्राधान्यमस + ्तीति,प्राधान्यम्+अस्त,प्राधान्यम्+अस्ति+इति,0.23809523809523808
split: मम + ेदं प्रेम,मम+इदम्+प्रेम,मम+इदम्+प्रेम,0.0
split: अतस + ्त्वं,अतः+त्वं,अतः+त्वम्,0.2222222222222222
split: मूलं  + कृत्वा,मूलम्+कृत्वा,मूलम्+कृत्वा,0.0
split: अपरे + ऽपि,अपरे+अपि,अपरे+अपि,0.0
split: मां  + भक्त्या,माम्+भक्त्या,माम्+भक्त्या,0.0
split: शरणं  + तेऽस्तु,शरणम्+तेस्तु,शरणम्+ते+अस्तु,0.14285714285714285
split: ज्ञनं क + ारणं कारणं य,ज्ञनं क+अरणं,ज्ञानम्+कारणम्+कारणम्+यत्+वा,0.7142857142857143
split: यद् + येवं,यत्+येवं,यदि+एवं,0.5
split: सामान्यतो +  व्याप्तिरित,सामान्यतः+अव्याप्तिः+इ,सामान्यतः+व्याप्तिः+इति,0.13043478260869565
split: भूयो +  भूय भूय इति,भूयः+भूयः+इति,भूयः+भूयः+भूयः+इति,0.2777777777777778
split: लिङस + ्सीयुट्,लिङः+सीयुट्,लिङः+सीयुट्,0.0
split: शूर्पादञ + न्यतरस्याम्,शूर्पादम्+अन्यतरस्याम,शूर्पात्+अञ्+अन्यतरस्याम्,0.24
split: मण्डूको + ऽपि,मण्डूकः+अपि,मण्डूकः+अपि,0.0
split: किं  + ततस्तत ततस्त,किम्+ततस्तत,किम्+ततः+ततः+ततः+ततः+इति,0.625
split: समूहवच् + च बहुषु,समूहवत्+च बहुषु,समूहवत्+च+बहुषु,0.06666666666666667
split: सुखं  + नो,सुखम्+नो,सुखम्+न,0.125
split: सञ्चिन्त्य + ादाय,सञ्चिन्त्य+आदाय,सञ्चिन्त्य+आदाय,0.0
split: यदे + वं,यत्+एवं,यत्+एवं,0.0
split: जडस + ्तु,जडः+तु,जडः+तु,0.0
split: तत्र +  विदित इति च,तत्र+विदित इति,तत्र+विदितः+इति+च,0.23529411764705882
split: ध्रुवं  + सप्तर्षयः,ध्रुवम्+सप्तर्षयः,ध्रुवम्+सप्तर्षयः,0.0
split: च + ाप्तो भवति,च+अप्तः+भवति,च+आप्तः+भवति,0.08333333333333333
split: पानीयमप + ि,पानीयम्+अपि,पानीयम्+अपि,0.0
split: त्वमव + रोधनम्,त्वमव+अरोधनम्,त्वम्+अवरोधनम्,0.14285714285714285
split: शिवो +  जयति,शिवः+जयति,शिवः+जयति,0.0
split: कश्चिद् +  अश्वारोही,कश्चित्+अश्वारोही,कश्चित्+अश्वारोही,0.0
split: भेदश + ्च,भेदः+च,भेदः+च,0.0
split: काचिद् +  योजना,काचित्+योजना,काचित्+योजना,0.0
split: शुद्धञ् + च,शुद्धम्+च,शुद्धम्+च,0.0
split: नमो +  वः,नमः+अवः,नमः+वः,0.14285714285714285
split: न्यस्य + ाभ्यर्च्य,न्यस्य+अभ्यर्च्य,न्यस्य+अभ्यर्च्य,0.0
split: मङ्गलं  + महत्,मङ्गलम्+महत्,मङ्गलम्+महत्,0.0
split: ्विकृण्व्योर +  च,विकृण्व्योः+च,धिन्विकृण्व्योः+अ+च,0.3157894736842105
split: एवमा + दि,एवम्+आदि,एवम्+आदि,0.0
split: बुद्धर + ्ज्ञानम्,बुद्धर+ज्ञानम्,बुद्धः+ज्ञानम्,0.07142857142857142
split: किंचिद् +  गत्वा,किंचित्+गत्वा,किंचित्+गत्वा,0.0
split: सुजनो + ऽप्यत्र,सुजनः+अपि+अत्र,सुजनः+अपि+अत्र,0.0
split: द्रुपदो +  द्रौपदेयाश्,द्रुपदः+अद्रौपदेयाः,द्रुपदः+द्रौपदेयाः+च,0.15
split: अतो +  मम,अतः+अमम,अतः+मम,0.14285714285714285
split: व्यश + ्च,व्यः+च,व्यः+च,0.0
split: महा + नुभावान्,महा+अनुभावान्,महा+अनुभावान्,0.0
split: वाद् + याह,वात्+याह,वादी+आह,0.5
split: समयस + ्‍तु,समयः+तु,समयः+तु,0.0
split: यो + षिति,यः+अषिति,यः+षिति,0.125
split: अभ्यासो + ऽत्र,अभ्यासः+अति,अभ्यासः+अत्र,0.16666666666666666
split: फलमि + ति,फलम्+इति,फलम्+इति,0.0
split: पापमप + ि,पापम्+अपि,पापम्+अपि,0.0
split: ततस + ्तुष्टः,ततः+तुष्टः,ततः+तुष्टः,0.0
split: यो +  यथा,यः+अयथा,यः+यथा,0.14285714285714285
split: वेदा  + निस्त्रैगुण्,वेदा+अनिस्त्रा+एगुण्,वेदाः+निः+त्रैगुण्यः+भव+अर्जुन,0.6333333333333333
split: पुण्यं  + मया,पुण्यम्+मया,पुण्यम्+मया,0.0
split: न + ेदृक्,न+इदृक्,न+ईदृक्,0.14285714285714285
split: याण्यादीनामि + नङ्,याण्यादीनाम्+इनङ्,कल्याण्यादीनाम्+इनङ्,0.15
split: भयं  + न,भयम्+न,भयम्+न,0.0
split: अयमा + शयोऽसति,अयम्+आशयः+असति,अयम्+आशयः+असति,0.0
split: तदि + दम्,तत्+इदम्,तत्+इदम्,0.0
split: मारुतिश + ्च,मारुतिः+च,मारुतिः+च,0.0
split: सूत्रं  + दर्शयति,सूत्रम्+दर्शयति,सूत्रम्+दर्शयति,0.0
split: अथ + ैकदाऽहं,अथ+एकदा+अहं,अथ+एकदा+अहं,0.0
split: काण्डान्तात् + ‌ क्षेत्रे,काण्डान्तात्+एव,काण्डान्तात्+क्षेत्रे,0.38095238095238093
split: मात्रा + ऽपि,मात्रा+अपि,मात्रा+अपि,0.0
split: किंचन + ाऽपि,किंचन+अपि,किंचन+अपि,0.0
split: पृथ्वादिभ्य  + इमनिज्वा,पृथ्वादिभ्य+इमनिज्वा,पृथ्वादिभ्यः+इमनिच्+वा,0.13636363636363635
split: स  + चान्य चान्य ,स +चान्य चान्य,सः+च+अन्यः+च+अन्यः+एव,0.5238095238095238
split: रथवदयोश + ्च,रथवदयोः+च,रथवदयोः+च,0.0
split: आहारो +  वर्णितस्तत्,आहारः+अवर्णितस्तत्,आहारः+वर्णितः+तत्र,0.2222222222222222
split: किं  + फलम्,किम्+फलम्,किम्+फलम्,0.0
split: स  + तम्,स +अतम्,सः+तम्,0.2857142857142857
split: जोषयेत् + सर्वकर्माणि,जोषयेत्+सर्वकर्माणि,जोषयेत्+सर्वकर्माणि,0.0
split: गोर + तद्धितलुकि,गोः+अतद्धितलुकि,गौः+अतद्धितलुकि,0.06666666666666667
split: माञ् + च,माम्+च,माम्+च,0.0
split: किमर्थमे + वं,किमर्थम्+एवं,किमर्थम्+एवं,0.0
split: तत् + काल इति,तत्+काल इति,तत्+कालः+इति,0.16666666666666666
split: पञ्च + ापि,पञ्च+अपि,पञ्च+अपि,0.0
split: तदस + मञ्जसम्,तदः+अञ्जसम्,तत्+असमञ्जसम्,0.3076923076923077
split: शयवासवासिषु +  अकालात्‌,शयवासवासिषु,शयवासवासिषु+अकालात्,0.42105263157894735
split: दध्नष + ्ठक्,दध्नः+ठक्,दध्नः+ठक्,0.0
split: यावदत + ्र,यावत्+अति,यावत्+अत्र,0.2
split: दण्डो +  रक्तो रक्तो,दण्डः+अक्तः,दण्डः+रक्तः+रक्तः+इति,0.5238095238095238
split: शङ्खं  + दध्मौ,शङ्खम्+दध्मौ,शङ्खम्+दध्मौ,0.0
split: यसो + ऽनुपसर्गात्‌,यसः+अनुपसर्गात्,यसः+अनुपसर्गात्,0.0
split: न + ातिप्रसंगो न,न+अतिप्रसंगः,न+अतिप्रसंगः+न,0.14285714285714285
split: भूमिर + ापोsनलोवायुः,भूमिः+अपः+अनलोवायुः,भूमिः+आपः+अनलः+वायुः,0.15
split: रदाभ्यां  + निष्ठातो नः ,रदाभ्याम्+अनिष्ठातः,रदाभ्याम्+निष्ठान्तः+नः+पूर्वस्य+च+दः,0.5405405405405406
split: क्पूर्वपदादस + ंज्ञायां ञः,क्पूर्वपदात्+ञः,दिक्पूर्वपदात्+असंज्ञायाम्+ञः,0.4827586206896552
split: व्यर्थमे + व,व्यर्थम्+एव,व्यर्थम्+एव,0.0
split: सञ्जय  + उवाच,सञ्जय +उवाच,सञ्जयः+उवाच,0.09090909090909091
split: स  + प्राह,स +अप्राह,सः+प्राह,0.2222222222222222
split: स्यान् + न,स्यात्+न,स्यात्+न,0.0
split: सर्वानश + ेषतः,सर्वानः+इषतः,सर्वान्+अशेषतः,0.2857142857142857
split: अत  + इनिठनौ,अतः+इनिठनौ,अतः+इनिठनौ,0.0
split: तथा + ऽत्रापि,तथा+अत्र+अपि,तथा+अत्र+अपि,0.0
split: स  + हीति,स +इति,सः+हि+इति,0.4444444444444444
split: व्यर्थमि + ति,व्यर्थम्+इति,व्यर्थम्+इति,0.0
split: प्रातराशो + ऽपि,प्रातराशः+अपि,प्रातराशः+अपि,0.0
split: लिटि +  वयो यः,लिटि+अयः,लिटि+वयः+यः,0.36363636363636365
split: शूरो +  विक्रान्तश्,शूरः+अविक्रान्तः,शूरः+विक्रान्तः+च,0.17647058823529413
split: पञ्च + ाथवा,पञ्च+अथवा,पञ्च+अथवा,0.0
split: रुदन् + निव,रुदम्+निव,रुदन्+इव,0.3333333333333333
split: नरो + ऽपि,नरः+अपि,नरः+अपि,0.0
split: एतैर + ्विमोहयत्येष,एतैः+विमोहयत्येषु,एतैः+विमोहयति+एष+एष+आवृत्य,0.5
split: दुष्कुलाड् + ढक्,दुष्कुलात्+ढक्,दुष्कुलात्+ढक्,0.0
split: षमर्त्येभ्यो +  द्वितीयासप्,षमर्त्येभ्यः+अद्वितीय,देवमनुष्यपुरुषमर्त्येभ्यः+द्वितीयासप्तम्योः+बहुलम्,0.62
split: वर्षाभ्यष + ्ठक्,वर्षाभ्यः+ठक्,वर्षाभ्यः+ठक्,0.0
split: रत्नवत् + यपि,रत्नवत्+अपि,रत्नवती+अपि,0.09090909090909091
split: किमा + ह,किम्+आह,किम्+आह,0.0
split: परमव + ाप्स्यथ,परमव+अपि+अथ,परम्+अव+आप्स्यथ,0.5333333333333333
split: स्पर्शनं  + श्रोत्रम्,स्पर्शनम्+श्रोत्रम्,स्पर्शनम्+श्रोत्रम्,0.0
split: प्रकाशो + ऽप्यथ,प्रकाशः+अपि,प्रकाशः+अपि+अथ,0.21428571428571427
split: पत्या + वैश्वर्ये,पत्या+एश्वर्ये,पत्यौ+ऐश्वर्ये,0.14285714285714285
split: गतमथ + वा,गतम्+अथ,गतम्+अथवा,0.2222222222222222
split: पराजितो + ऽस्मि,पराजितः+अस्मि,पराजितः+अस्मि,0.0
split: सर्गव्यपेतं  + च,सर्गव्यपेतं,उपसर्गव्यपेतम्+च,0.375
split: किं  + सा,किम्+सा,किम्+सा,0.0
split: तदु + पादानम्,तत्+उपादानम्,तत्+उपादानम्,0.0
split: निर्णयस + ्तु,निर्णयः+तु,निर्णयः+तु,0.0
split: तत्र + ाऽऽस्ते,तत्र+अस्ते,तत्र+आस्ते,0.1
split: ध्वनिर + ्भवति,ध्वनिः+भवति,ध्वनिः+भवति,0.0
split: लोका  + न,लोका +अन,लोकाः+न,0.25
split: पुत्रो + ऽङ्गदो हनूमा,पुत्रः+अङ्गदः+हनूमा,पुत्रः+अङ्गदः+हनूमान्,0.09523809523809523
split: दर्शितश + ्‍च,दर्शितः+च,दर्शितः+च,0.0
split: कश्चिदु + पायः,कश्चित्+उपायः,कश्चित्+उपायः,0.0
split: यदा + हं,यत्+आहं,यदा+अहं,0.42857142857142855
split: त्रिधै + व,त्रिधा+एव,त्रिधा+एव,0.0
split: शीतमम + ्लं,शीतम्+अम्,शीतम्+अम्लं,0.18181818181818182
split: किं  + भोगैर्जीविते,किम्+भोगैर्जीविते,किम्+भोगैः+जीवितेन,0.16666666666666666
split: स्याच् + छुद्धिः,स्यात्+छुद्धिः,स्यात्+शुद्धिः,0.07142857142857142
split: तदु + भयं,तत्+उभयम्,तत्+उभयं,0.2222222222222222
split: कथमि + त्थं,कथम्+इत्थं,कथम्+इत्थं,0.0
split: प्रमाणं  + दर्शयति,प्रमाणम्+दर्शयति,प्रमाणम्+दर्शयति,0.0
split: लिङ्गवन् + न्यासो न,लिङ्गवत्+न्यासः,लिङ्गवत्+न्यासः+न,0.11764705882352941
split: परन् + तप,परम्+तप,परम्+तप,0.0
split: वैषम्यं  + च,वैषम्यं +च,वैषम्यम्+च,0.2
split: विवादो + ऽपि,विवादः+अपि,विवादः+अपि,0.0
split: धर्मावी + रुद्धो भूतेष,धर्मावी+अरुद्धः+भूतेष,धर्मस्य+अविरुद्धः+भूतेषु,0.25
split: सिंहासनमे + कमपरञ्च,सिंहासनम्+एकमपरञ्च,सिंहासनम्+एकम्+अपरं+च,0.23809523809523808
split: शब्द  + इत्युक्तम्,शब्द +इति+उक्तम्,शब्दः+इति+उक्तम्,0.0625
split: शिशुर + द्य,शिशुः+अद्य,शिशुः+अद्य,0.0
split: ईदृशो + ऽप्यवसरः,ईदृशः+अपि+अवसरः,ईदृशः+अपि+अवसरः,0.0
split: लोभ + ोपहतचेतसः,लोभ+उपहतचेतसः,लोभ+उपहत+चेतसः,0.07142857142857142
split: पण्डित  + उवाच,पण्डित +उवाच,पण्डितः+उवाच,0.08333333333333333
split: नसनखनक्रमगमो +  विट्,नसनखनक्रमगमः+विट्,जनसनखनक्रमगमः+विट्,0.05555555555555555
split: मात् + राज्ञा,मात्+राज्ञा,मातृ+आज्ञा,0.2727272727272727
split: एव + ागच्छति,एव+आगच्छति,एव+आगच्छति,0.0
split: शुचिर + ्भूत्वा,शुचिः+भूत्वा,शुचिः+भूत्वा,0.0
split: त् + ‍ववकाशोऽपि,तु+अवकाशः+अपि,तु+अवकाशः+अपि,0.0
split: वरमि + ति,वरम्+इति,वरम्+इति,0.0
split: प्रतिहारस + ्ततः,प्रतिहारः+ततः,प्रतिहारः+ततः,0.0
split: प्रत् + युभय,प्रति+उभय,प्रति+उभय,0.0
split: माधवश + ्चाथ,माधवः+च+अथ,माधवः+च+अथ,0.0
split: तत्पुरुषस्य + ाङ्गुलेः संख,तत्पुरुषस्य+अङ्गुलेः,तत्पुरुषस्य+अङ्‍गुलेः+सङ्‍ख्याऽव्ययादेः,0.48717948717948717
split: तदे + ति,तत्+एति,तदा+इति,0.42857142857142855
split: स  + इतः,स +इतः,सः+इतः,0.16666666666666666
split: इत् + ‍यधुना,इति+अधुना,इति+अधुना,0.0
split: वागु + पस्थश्च,वागु+उपस्थः,वाक्+उपस्थः+च,0.3076923076923077
split: तच् + च,तत्+च,तत्+च,0.0
split: पचन्त् + यात्मकारणात्,पचन्ति+आत्मकारणात्,पचन्ति+आत्मकारणात्,0.0
split: कुम्भो +  निकुम्भश्च,कुम्भः+अनिकुम्भः,कुम्भः+निकुम्भः+च,0.17647058823529413
split: घट + ोपस्थापक,घट+उपस्थापक,घट+उपस्थापक,0.0
split: खट्वा + ऽपि,खट्वा+अपि,खट्वा+अपि,0.0
split: नियमो +  न,नियमः+अन,नियमः+न,0.125
split: तज् + ज्ञानं,तत्+ज्ञानं,तत्+ज्ञानं,0.0
split: तादृशो + ऽरसिको,तादृशः+अरसिकः,तादृशः+अरसिकः,0.0
split: व्यापक  + उपाधिः,व्यापक +उपाधिः,व्यापकः+उपाधिः,0.07142857142857142
split: ्मसंस्पर्शमत + ्यन्तं सुखमश,मसंस्पर्शम्+अत्यन्तं,ब्रह्मसंस्पर्शम्+अत्यन्तम्+सुखम्+अश्नुते,0.525
split: रसं  + गन्धञ्च,रसम्+गन्धम्च,रसम्+गन्धम्+च,0.07692307692307693
split: सोढश + ्चेत्,सोढः+च+इत्,सोढः+चेत्,0.2
split: भिषग् + ‍वरा,भिषक्+वरा,भिषक्+वरा,0.0
split: स  + शक्र शक्र इत,स+शक्र+इति,सः+शक्रः+शक्रः+इति,0.4444444444444444
split: ब्रह्म + ेति,ब्रह्म+इति,ब्रह्म+इति,0.0
split: कथमत + िमात्रं,कथम्+अतिमात्रं,कथम्+अतिमात्रं,0.0
split: प्रातर + ुत्थाय,प्रातः+उत्थाय,प्रातः+उत्थाय,0.0
split: गोत्रचरणाद् + वुञ्,गोत्रचरणात्+वुञ्,गोत्रचरणात्+वुञ्,0.0
split: कनिष्ठा + ऽभवत्,कनिष्ठा+अभवत्,कनिष्ठा+अभवत्,0.0
split: पार्वत् + यग्रे,पार्वत्+यग्रे,पार्वती+अग्रे,0.15384615384615385
split: ह्लादो +  निष्ठायाम्,ह्लातः+अनिष्ठायाम्,ह्लादः+निष्ठायाम्,0.1111111111111111
split: स  + ततः,स +अततः,सः+ततः,0.2857142857142857
split: विद्यत  + इत्याह,विद्यतः+इति+आह,विद्यते+इति+आह,0.07142857142857142
split: स्‍वयं +  तत्र,स्वयम्+तत्र,स्वयम्+तत्र,0.0
split: शॄवन्द्योर + ारुः,शॄवन्द्योः+आरुः,शॄवन्द्योः+आरुः,0.0
split: वेत्तेर + ्विभाषा,वेत्तेः+विभाषा,वेत्तेः+विभाषा,0.0
split: षण्मासाण् + ण्यच्च,षण्मासाण्+ण्यच्च,षण्मासात्+ण्यत्+च,0.17647058823529413
split: तुजादीनां  + दीर्घोऽभ्यास,तुजादीनाम्+अभ्यास्य,तुजादीनाम्+दीर्घः+अभ्यासस्य,0.2962962962962963
split: विधाय + ाऽनेन,विधाय+अनेन,विधाय+अनेन,0.0
split: अजिवृज्योश + ्च,अजिवृज्योः+च,अजिवृज्योः+च,0.0
split: अङ्गयुक्तं  + तिङ् आकाङ्क्,अङ्गयुक्तम्+तिङ्+आकाङ्,अङ्गयुक्तम्+तिङ्+आकाङ्क्षम्,0.18518518518518517
split: सायं  + पुरे,सायम्+पुरे,सायम्+पुरे,0.0
split: आवश्यकतै + व,आवश्यकता+एव,आवश्यकता+एव,0.0
split: न + ार्भकः,न+अर्भकः,न+अर्भकः,0.0
split: तदु + क्तमिति,तत्+उक्तमिति,तत्+उक्तम्+इति,0.21428571428571427
split: स  + वृकः,स +अवृकः,सः+वृकः,0.25
split: अतो + ऽप्यधिकम्,अतः+अप्यधिकम्,अतः+अपि+अधिकम्,0.21428571428571427
split: कार्श्यमे + व,कार्श्यम्+एव,कार्श्यम्+एव,0.0
split: यावज् + जीवति,यावत्+जीवति,यावत्+जीवति,0.0
split: एव + ास्ति,एव+अस्ति,एव+अस्ति,0.0
split: इत्यपी + ष्यत,इत्यपि+अष्यत्,इत्यपि+इष्यत,0.15384615384615385
split: गोत्रे +  कुञ्जादिभ्य,गोत्रे+कुञ्जादिभ्य,गोत्रे+कुञ्जादिभ्यः+च्फञ्,0.28
split: न + ैवमिति,न+एव+इति,न+एवम्+इति,0.2
split: भ्रुवो +  वुक् च,भ्रुवः+अवुक्,भ्रुवः+वुक्+च,0.23076923076923078
split: सकृन् + ‍मयापि,सकृत्+मयापि,सकृत्+मया+अपि,0.15384615384615385
split: अपरश + ्चापणः,अपरः+च+अपणः,अपरः+च+आपणः,0.09090909090909091
split: शिवालयो + ऽस्ति,शिवालयः+अस्ति,शिवालयः+अस्ति,0.0
split: तत्र + ोभय,तत्र+उभय,तत्र+उभय,0.0
split: पदं  + प्रदाय,पदम्+प्रदाय,पदम्+प्रदाय,0.0
split: प्रथममु + द्देशो युक्त,प्रथमम्+उद्देशः+उक्त,प्रथमम्+उद्देशः+युक्तः,0.13636363636363635
split: अर्जुन  + उवाच,अर्जुन +उवाच,अर्जुनः+उवाच,0.08333333333333333
split: ततो +  बोध बोध इति,ततः+बोध बोध इति,ततः+बोधः+बोधः+इति,0.23529411764705882
split: वताद्वंद्वे  + च,वताद्वंद्वे,देवताद्वन्द्वे+च,0.375
split: िष्प्रयोजनमि + ति,इष्प्रयोजनम्+इति,निष्प्रयोजनम्+इति,0.11764705882352941
split: कर्मधारयवत् + ‌ उत्तरेषु,कर्मधारयवत्,कर्मधारयवत्+उत्तरेषु,0.45
split: रूक्षो + ऽति,रूक्षः+अति,रूक्षः+अति,0.0
split: खरो +  मम,खरः+अमम,खरः+मम,0.14285714285714285
split: रिङ् +  शयग्लिङ्क्ष,रिङ्+शयग्लिङ्क्ष,रिङ्+शयग्लिङ्‍क्षु,0.1111111111111111
split: अयं  + राशिस्‍तु,अयम्+राशिस्तु,अयम्+राशिः+तु,0.15384615384615385
split: मिलित  + इति,मिलित +इति,मिलितः+इति,0.1
split: विद्याधरस + ्तु,विद्याधरः+तु,विद्याधरः+तु,0.0
split: देह + ान्तरप्राप्त,देह+अन्तरप्राप्ति,देह+अन्तर+प्राप्तिः,0.10526315789473684
split: कर्मण् + यतन्द्रितः,कर्मणि+अतन्द्रितः,कर्मणि+अतन्द्रितः,0.0
split: तदत + ्र,तत्+अत्र,तत्+अत्र,0.0
split: कथा + पि,कथा+अपि,कथा+अपि,0.0
split: योगमव + ाप्स्यसि,योगमव+अपि+असि,योगम्+अवाप्स्यसि,0.4375
split: न + ातिप्रसङ्गः,न+अतिप्रसङ्गः,न+अतिप्रसङ्ग,0.07692307692307693
split: प्रयत्नस + ्तु,प्रयत्नः+तु,प्रयत्नः+तु,0.0
split: योगयुक्तो +  मुनिर्ब्रह्,योगयुक्तः+अमुनिः+ब्रह्,योगयुक्तः+मुनिः+ब्रह्म,0.09090909090909091
split: सत्यमस + ्ति,सत्यमः+ति,सत्यम्+अस्ति,0.3333333333333333
split: जीवदि + ति,जीवत्+इति,जीवत्+इति,0.0
split: सन्न्यसनादे + व,सन्न्यसनात्+एव,सन्न्यसनात्+एव,0.0
split: साम  + आकम्,साम्+आकम्,सामः+आकम्,0.1111111111111111
split: योगं  + युञ्जन्मदाश्,योगम्+युञ्जन्मदाश्य,योगम्+युञ्जन्+मत्+आश्रयः,0.2916666666666667
split: नते +  नासिकायाः स,नते+अनासिकायाः,नते+नासिकायाः+संज्ञायाम्+टीटञ्नाटज्भ्राटचः,0.7142857142857143
split: पाण्डव + ानीकं व्यूढं,पाण्डव+अनीकं,पाण्डव+आनीकम्+व्यूढम्+दुर्योधनः+तदा,0.7142857142857143
split: यदन + ेन,यदन+इन,यत्+अनेन,0.625
split: मनश + ्चित्तञ्च,मनः+चित्तम्+च,मनः+चित्तम्+च,0.0
split: तदद + ्य,तत्+अद्य,तत्+अद्य,0.0
split: पादो +  भयं,पादः+अभयम्,पादः+भयं,0.3
split: दिव  + उत्‌,दिवः+उत्,दिवः+उत्,0.0
split: ूपकुम्भशालं  + बिले,पूपकुम्भशालम्+बिले,कुसूलकूपकुम्भशालम्+बिले,0.2608695652173913
split: शेषे +  विभाषाऽकखाद,शेषे+अविभाषाअकखाद,शेषे+विभाषा+अकखादौ+अषान्ते+उपदेशे,0.5454545454545454
split: लक्ष्मीस + ्तत्र,लक्ष्मीः+तत्र,लक्ष्मीः+तत्र,0.0
split: इको + ऽचि विभक्तौ,इकः+अचि+अभक्तौ,इकः+अचि+विभक्तौ,0.13333333333333333
split: इत्थमव + दत्,इत्थम्+अवदत्,इत्थम्+अवदत्,0.0
split: ाधरदक्षिणादा + तिः,अधरदक्षिणात्+आतिः,उत्तराधरदक्षिणात्+आतिः,0.2727272727272727
split: स  + प्राणायामः,स +अप्राणायामः,सः+प्राणायामः,0.14285714285714285
split: भवन्तो +  मम,भवन्तः+मम,भवन्तः+मम,0.0
split: गृहमा + याति,गृहम्+आयाति,गृहम्+आयाति,0.0
split: दर्शनमव + श्यमेव,दर्शनम्+अवश्यम्,दर्शनम्+अवश्यम्+एव,0.16666666666666666
split: मदर्थमे + व,मदर्थम्+एव,मदर्थम्+एव,0.0
split: निगरणं  + वरं वरं न,निगरणम्+वरं,निगरणम्+वरम्+वरम्+न,0.47368421052631576
split: एष  + भोः,एष +भोः,एषः+भोः,0.14285714285714285
split: नॄँः +  पाहि,नॄँः+अपाहि,नॄन्+पाहि,0.3
split: महत्त्वमध + िकमस्ति,महत्त्वम्+अधिकमस्ति,महत्त्वम्+अधिकम्+अस्ति,0.13636363636363635
split: न + ातिव्याप्तिः,न+अतिव्याप्तिः,न+अतिव्याप्तिः,0.0
split: कार्यते + ति,कार्यते+इति,कार्यता+इति,0.09090909090909091
split: कुण् + ‍ठाऽन्‍त,कुण्+ठाऽन्तः,पुरे+,0.8333333333333334
split: कश्चिद् +  भागः,कश्चित्+भागः,कश्चित्+भागः,0.0
split: स्त्रीणां  + तु,स्त्रीणाम्+तु,स्त्रीणाम्+तु,0.0
split: महर्षिस + ्तु,महर्षिः+तु,महर्षिः+तु,0.0
split: ज्ञानमज + ्ञानं,ज्ञानम्+अज्ञानं,ज्ञानम्+अज्ञानं,0.0
split: निरूपित + ैक,निरूपित+एक,निरूपित+एक,0.0
split: वृषाकपिश + ्च,वृषाकपिः+च,वृषाकपिः+च,0.0
split: न + ाव्ययदिक्‌शब,न+अव्ययदिक्+शब्,न+अव्ययदिक्‌शब्दगोमहत्स्थूलमुष्टिपृथुवत्सेभ्यः,0.6956521739130435
split: तस्मादु + त्तिष्ठ,तस्मात्+उत्तिष्ठ,तस्मात्+उत्तिष्ठ,0.0
split: न + ास्‍त्‍यत्र,न+अस्ति+अत्र,न+अस्ति+अत्र,0.0
split: स्व + ैरः,स्व+एरः,स्व+ईरः,0.14285714285714285
split: यद् + यदाचरति,यत्+यदाचरति,यत्+यत्+आचरति,0.3076923076923077
split: अथ + ाऽस्ति,अथ+अस्ति,अथ+अस्ति,0.0
split: कृत्यानां  + कर्तरि वा,कृत्यानाम्+कर्तरि+इव,कृत्यानाम्+कर्त्तरि+वा,0.18181818181818182
split: स्फायो +  वः,स्फायः+अवः,स्फायः+वः,0.1
split: मां  + यथा,माम्+अथा,माम्+यथा,0.125
split: शक्तिस + ्तदा,शक्तिः+तदा,शक्तिः+तदा,0.0
split: कश + ्चिद्यतति,कश+चित्यतति,कः+चित्+यतति,0.16666666666666666
split: नूनमय + म्,नूनम्+अयम्,नूनम्+अयम्,0.0
split: तथाप् + युक्तिः,तथापि+उक्तिः,तथापि+उक्तिः,0.0
split: प्रामाण्यमप + ्यस्तीति,प्रामाण्यम्+अपि,प्रामाण्यम्+अपि+अस्ति+इति,0.4
split: तदि + दमपि,तत्+इदम्,तत्+इदम्+अपि,0.3333333333333333
split: वैशिष्ट्यमत + ि,वैशिष्ट्यम्+अत,वैशिष्ट्यम्+इति,0.13333333333333333
split: विन्दत् + यात्मनि,विन्दत्+यात्मनि,विन्दति+आत्मनि,0.2
split: षड् +  भवन्ति,षट्+भवन्ति,षट्+भवन्ति,0.0
split: छादेर + ्घेऽद्व्युपस,छादेः+घेद्व्युपस्य,छादेः+घे+अद्‍व्युपसर्गस्य,0.28
split: ज्ञानं  + शब्दः,ज्ञानं +शब्दः,ज्ञानम्+शब्दः,0.15384615384615385
split: व्यामिश्रेण + ेव,व्यामिश्रेण+एव,व्यामिश्रेण+इव,0.07142857142857142
split: वा + प्यथवा,वा+अप्यथवा,वा+अपि+अथवा,0.2727272727272727
split: करणीयमि + ति,करणीयम्+इति,करणीयम्+इति,0.0
split: तदु + भयमपि,तत्+उभयम्+अपि,तत्+उभयम्+अपि,0.0
split: नास्ती + त्युक्तम्,नास्ति+उक्तम्,नास्ति+इति+उक्तम्,0.23529411764705882
split: यद् + येष,यत्+येष,यदि+एष,0.5714285714285714
split: यावदि + ति,यावत्+इति,यावत्+इति,0.0
split: ततो + ऽत्रैव,ततः+अत्र+एव,ततः+अत्र+एव,0.0
split: पश्यतो +  मुनेः,पश्यतः+अमुनेः,पश्यतः+मुनेः,0.07692307692307693
split: तावद् +  यावत्,तावत्+यावत्,तावत्+यावत्,0.0
split: विषय  + एव,विषयः+एव,विषयः+एव,0.0
split: पठनमे + व,पठनम्+एव,पठनम्+एव,0.0
split: गमनमा + गमनं,गमनम्+आगमनं,गमनम्+आगमनं,0.0
split: निराशीर + ्निर्ममो भूत,निराशीः+निर्ममः,निराशीः+निर्ममः+भूत्वा,0.3181818181818182
split: दुन्योर + नुपसर्गे,दुन्योः+अनुपसर्गे,दुन्योः+अनुपसर्गे,0.0
split: शाखाऽऽषाढादण + ् मन्थदण्डयो,शाखाऽषाढात्+मन्थदण्डय,विशाखाऽऽषाढात्+अण्+मन्थदण्डयोः,0.3
split: हलस + ्तद्धितस्य,हलः+तद्धितस्य,हलः+तद्धितस्य,0.0
split: बोधो +  भवतीति,बोधः+भवतीति,बोधः+भवति+इति,0.23076923076923078
split: तद्धितसमासाश + ्च,तद्धितसमासाः+च,कृत्तद्धितसमासाः+च,0.2222222222222222
split: कुम्भमा + रोप्य,कुम्भम्+आरोप्य,कुम्भम्+आरोप्य,0.0
split: कस + ्त्वामत्र,कः+त्वामत्र,कः+त्वं+अत्र,0.25
split: रक्तो +  रक्त,रक्तः+अक्तः,रक्तः+रक्त,0.18181818181818182
split: राहुर + ्मत्तस्तु,राहुः+मत्तस्तु,राहुः+मत्तः+तु,0.14285714285714285
split: यल् + ‍लेखनी,यत्+लेखनी,यत्+लेखनी,0.0
split: स्थितो + ऽहम्,स्थितः+अहम्,स्थितः+अहम्,0.0
split: त् + ववरं,तु+अवरं,तु+अवरं,0.0
split: कथमि + व,कथम्+इव,कथम्+इव,0.0
split: ह् + यात्मने,हि+आत्मने,हि+आत्मने,0.0
split: किमस + ्य,किम्+अस्य,किम्+अस्य,0.0
split: यानमस + ्ति,यानमः+ति,यानम्+अस्ति,0.36363636363636365
split: तद् + रक्षणं,तत्+रक्षणं,तत्+रक्षणं,0.0
split: संरक्षणमु + चितम्,संरक्षणम्+उचितम्,संरक्षणम्+उचितम्,0.0
split: कश + ्चन,कः+चन,कः+चन,0.0
split: वाक्य + ार्थः,वाक्य+अर्थः,वाक्य+अर्थः,0.0
split: चत्वरमध + िष्ठाय,चत्वरम्+अधिष्ठाय,चत्वरम्+अधिष्ठाय,0.0
split: तं  + तथा,तम्+तथा,तम्+तथा,0.0
split: को + ऽत्र,कः+अत्र,कः+अत्र,0.0
split: विन्दुर + िच्छुः,विन्दुः+इच्छुः,विन्दुः+इच्छुः,0.0
split: ब्रह्म + ाहमस्मि,ब्रह्म+अहम्+अस्मि,ब्रह्म+अहम्+अस्मि,0.0
split: मां  + क्षिप,माम्+क्षिप,माम्+क्षिप,0.0
split: न + ेयम्,न+इयम्,न+इयम्,0.0
split: वामदेवस + ्तु,वामदेवः+तु,वामदेवः+तु,0.0
split: शतं  + सहस्रमर्द्धं,शतम्+सहस्रमर्द्धं,शतम्+सहस्रम्+अर्द्धम्+सहस्रम्+अर्द्धम्+वा,0.6097560975609756
split: रुष्टो +  बालः,रुष्टः+बालः,रुष्टः+बालः,0.0
split: न + ाहं,न+अहं,न+अहं,0.0
split: नूनमे + ष,नूनम्+एष,नूनम्+एष,0.0
split: अन्ये + ति,अन्या+इति,अन्या+इति,0.0
split: तेन + ोक्तम्,तेन+उक्तम्,तेन+उक्तम्,0.0
split: एष  + गर्दभः,एष +गर्दभः,एषः+गर्दभः,0.1
split: रौड्यादिभ्यश + ्च,रौड्यादिभ्यः+च,क्रौड्यादिभ्यः+च,0.125
split: सार + ङ्गः,सार+अङ्गः,सार+अङ्गः,0.0
split: त्वं  + स्थूल स्थूल ,त्वम्+स्थूल स्थूल,त्वम्+स्थूलः+स्थूलः+इत्यादि,0.4074074074074074
split: खल् + वियम्,खलु+इयम्,खलु+इयम्,0.0
split: न + ावेक्ष्य,न+अवेक्ष्य,न+अवेक्ष्य,0.0
split: रागश + ्च,रागः+च,रागः+च,0.0
split: तस्य +  व्याख्यान इ,तस्य+अव्याख्यानइ,तस्य+व्याख्याने+इति+च+व्याख्यातव्यनाम्नः,0.65
split: भक्तो +  विनीतः,भक्तः+अविनीतः,भक्तः+विनीतः,0.07692307692307693
split: स  + त्वाह,स +अत्वाह,सः+तु+आह,0.5555555555555556
split: किमध + िकं,किमध्+इकं,किम्+अधिकं,0.4
split: पूर्वत्र + ैव,पूर्वत्र+एव,पूर्वत्र+एव,0.0
split: कुतो + ऽन्यः,कुतः+अन्यः,कुतः+अन्यः,0.0
split: क्षेत्रं  + तावत्,क्षेत्रं +तावत्,क्षेत्रम्+तावत्,0.13333333333333333
split: सरलो + ऽपि,सरलः+अपि,सरलः+अपि,0.0
split: पण्डित  + इति,पण्डित +इति,पण्डितः+इति,0.09090909090909091
split: इतस्ततो +  भ्रमन्,इतस्ततः+भ्रमन्,इतस्ततः+भ्रमन्,0.0
split: मम + ापि,मम+अपि,मम+अपि,0.0
split: कथं  + तेन,कथम्+तेन,कथम्+तेन,0.0
split: पुटकमा + नय,पुटकम्+आनय,पुटकम्+आनय,0.0
split: समग्रम् + प्रविलीयते,समग्रम्+प्रविलीयते,समग्रम्+प्रविलीयते,0.0
split: आहतो +  बहुरूपकः,आहतः+बहुरूपकः,आहतः+बहुरूपकः,0.0
split: कालियो +  नाम,कालियः+अनाम,कालियः+नाम,0.09090909090909091
split: जात् + वपूर्वम्,जात्+वपूर्वम्,जातु+अपूर्वम्,0.15384615384615385
split: त्वमध + ुना,त्वम्+अधुना,त्वम्+अधुना,0.0
split: ण्ड्वादिभ्यो +  यक्,ण्ड्वादिभ्यः+अक्ष,कण्ड्वादिभ्यः+यक्,0.17647058823529413
split: प्र + यापणम्,प्र+अपणम्,प्र+यापनम्,0.3
split: फणां  + च सप्तानाम्,फणाम्+च सप्तानाम्,फणाम्+च+सप्तानाम्,0.058823529411764705
split: विमल  + प्राह,विमल्+अप्राह,विमलः+प्राह,0.16666666666666666
split: मनस् + याधाय,मनस्+अधाय,मनसि+आधाय,0.2222222222222222
split: उपस्थितो + ऽभवत्,उपस्थितः+अभवत्,उपस्थितः+अभवत्,0.0
split: सामुद्रं  + सारसं सारसं ,सामुद्रम्+सारसं,सामुद्रम्+सारसम्+सारसम्+कौपम्+एव,0.5625
split: विफले + ति,विफले+इति,विफला+इति,0.1111111111111111
split: उपधानमि + व,उपधानम्+इ,उपधानम्+इव,0.1
split: किञ्चिदप + रोऽपि,किञ्चित्+अपरः,किञ्चित्+अपरः+अपि,0.23529411764705882
split: यदद + ्याधिकं,यत्+अद्याधिकं,यत्+अद्य+अधिकं,0.14285714285714285
split: घुषिर + विशब्दने,घुषिः+अविशब्दने,घुषिः+अविशब्दने,0.0
split: एष  + विधिरपि,एष +विधिः+अपि,एषः+विधिः+अपि,0.07692307692307693
split: तक्रमप + ि,तक्रम्+अपि,तक्रम्+अपि,0.0
split: तद् + विशिष्ट,तत्+विशिष्ट,तत्+विशिष्ट,0.0
split: प्रवृत्तश + ्च,प्रवृत्तः+च,प्रवृत्तः+च,0.0
split: उत्पत्तिर + ्न,उत्पत्तिः+न,उत्पत्तिः+न,0.0
split: दीर्घादट + ि समानपदे,दीर्घादट्+इसमानपदे,दीर्घात्+अटि+समानपादे,0.3333333333333333
split: नकर्तृकयोः प + ूर्वकाले,नकर्तृकयः+अपूर्वकाले,समानकर्त्तृकयोः+पूर्वकाले,0.28
split: तावदे + वागत्य,तावत्+एव+आगत्य,तावत्+एव+आगत्य,0.0
split: सौभद्रश + ्च,सौभद्रः+च,सौभद्रः+च,0.0
split: वृत्तिर + ्न,वृत्तिः+न,वृत्तिः+न,0.0
split: अमृतमि + व,अमृतम्+इव,अमृतम्+इव,0.0
split: विदूषकश + ्च,विदूषकः+च,विदूषकः+च,0.0
split: दोषाय + ेति,दोषाय+इति,दोषाय+इति,0.0
split: ्रत्याख्यातो + ऽस्मि,अस्मितः+अस्मि,प्रत्याख्यातः+अस्मि,0.5263157894736842
split: चेद् +  सः,चेत्+सः,चेत्+सः,0.0
split: शान्तिन् + निर्वाणपरमाम,शान्तिम्+निर्वाणपरम्+आ,शान्तिम्+निर्वाणपरमाम्+मत्+संस्थाम्+अधिगच्छति,0.5333333333333333
split: त्वदन + ्तिके,त्वदन+तिके,त्वत्+अन्तिके,0.38461538461538464
split: अनुदात्तादेर + ञ्,अनुदात्तादेः+ञ्,अनुदात्तादेः+अञ्,0.0625
split: एव + ाधिकारी,एव+अधिकारी,एव+अधिकारी,0.0
split: न +  पूजनात्‌,न+अपूजनात्,न+पूजनात्,0.1
split: कुर्याङ् + कर्म,कुर्याम्+कर्म,कुर्याम्+कर्म,0.0
split: व्याप्य  + इति,व्याप्य +इति,व्याप्यः+इति,0.08333333333333333
split: मित्रमे + व,मित्रम्+एव,मित्रम्+एव,0.0
split: परामर्श  + इति,परामर्श +इति,परामर्शः+इति,0.08333333333333333
split: पावमानी + ति,पावमानी+इति,पावमानी+इति,0.0
split: घटो +  न,घटः+अन,घटः+न,0.16666666666666666
split: दिवस + ्तदर्थस्य,दिवः+तदर्थस्य,दिवः+तदर्थस्य,0.0
split: क्रीङ्जीनां  + णौ,क्रीङ्जीनाम्+णौ,क्रीङ्जीनाम्+णौ,0.0
split: लटः +  शतृशानचावप्,लटः+शतृशानचावप्,लटः+शतृशनचा+अप्रथमासमानाधिकरणे,0.6
split: स  + योगी,स +अयोगी,सः+योगी,0.25
split: कम्बोजाल् + लुक्,कम्बोजात्+लुक्,कम्बोजात्+लुक्,0.0
split: श्रेयान् + स्वधर्मो विग,श्रेयात्+स्वधर्मः+अविग,श्रेयान्+स्वधर्मः+विगुणः,0.20833333333333334
split: व्यभिचारो +  दुर्वार,व्यभिचारः+अदुर्वारः,व्यभिचारः+दुर्वार,0.10526315789473684
split: हीनो +  हेत्वाभासो ,हीनः+हेत्वाभासः,हीनः+हेत्वाभासः+हेत्वाभासः+भवति,0.5161290322580645
split: स  + आपणिकः,स +आपणिकः,सः+आपणिकः,0.1111111111111111
split: कर्मयोगश + ्च,कर्मयोगः+च,कर्मयोगः+च,0.0
split: अत्र + ाप्यत इत्यनु,अत्र+अपि+अति+अनु,अत्र+अपि+अतः+इति+अनुषङ्गः,0.36
split: किमर्थं  + सः,किमर्थं +सः,किमर्थम्+सः,0.18181818181818182
split: प्राग् + घिताद्यत्‌,प्राक्+घिताद्यत्,प्राक्+हितात्+यत्,0.17647058823529413
split: तदा + गत्य,तत्+आगत्य,तदा+आगत्य,0.2222222222222222
split: तेन + ेदं,तेन+इदं,तेन+इदं,0.0
split: मह्यमा + सनं,मह्यम्+आसनं,मह्यम्+आसनं,0.0
split: मन्दो + स्म्यहं,मन्दः+अस्म्यहं,मन्दः+अस्मि+अहं,0.2
split: दण्डो +  यथा,दण्डः+अयथा,दण्डः+यथा,0.1
split: शाश्वतो +  वेति,शाश्वतः+एव+इति,शाश्वतः+वा+इति,0.14285714285714285
split: प्रायस + ्तेन,प्रायः+तेन,प्रायः+तेन,0.0
split: नीतिर + ्मतिर्मम,नीतिः+मतिः+मम्,नीतिः+मतिः+मम,0.07142857142857142
split: इदन्तो +  मसि,इदन्तः+असि,इदन्तः+मसि,0.1
split: को + ऽयं मे,कः+अयम्+मे,कः+अयम्+मे,0.0
split: दुर्जनश + ्च,दुर्जनः+च,दुर्जनः+च,0.0
split: तन् + मतमिति,तत्+मतम्+इति,तत्+मतम्+इति,0.0
split: न + ाभवत्,न+अभवत्,न+अभवत्,0.0
split: एवं  + तण्डुलः,एवम्+तण्डुलः,एवम्+तण्डुलः,0.0
split: एष  + द्वितीयो द्व,एष +द्वितीयः+अद्वितीय,एषः+द्वितीयः+द्वितीयः+मुग्धः+तु,0.41935483870967744
split: ङमो +  ह्रस्वादचि ,ङमः+अह्रस्वादचि,ङमः+ह्रस्वात्+अचि+ङमुट्+नित्यम्,0.6129032258064516
split: न + ेति,न+इति,न+इति,0.0
split: अधुना + ऽहं,अधुना+अहं,अधुना+अहं,0.0
split: एवं  + हि,एवम्+हि,एवम्+हि,0.0
split: च + ान्तरे,च+अन्तरे,च+अन्तरे,0.0
split: यो +  न,यः+अन,यः+न,0.2
split: सूत्रान्ताट् + ठक्,सूत्रान्तात्+ठक्,क्रतूक्थादिसूत्रान्तात्+ठक्,0.4074074074074074
split: बभूथ + ाततन्थजगृम्भ,बभूथा+अततन्थजगृम्भा,बभूथ+आततन्थ+जगृम्भ+ववर्थ+इति+निगमे,0.5588235294117647
split: नॄंः +  पाहि,नॄम्+अपाहि,नॄन्+पाहि,0.2
split: नित्यं  + च,नित्यं +च,नित्यम्+च,0.2222222222222222
split: तत्र + ासन्,तत्र+असन्,तत्र+आसन्,0.1111111111111111
split: त्रय  + एव,त्रयः+एव,त्रयः+एव,0.0
split: तेन + ेति,तेन+इति,तेन+इति,0.0
split: च + ेयमसति,च+इयम्+असति,च+इयम्+असति,0.0
split: नित्यं  + हस्ते पाणावु,नित्यम्+हस्ता+अपाणावु,नित्यम्+हस्ते,0.42857142857142855
split: ततस + ्ते,ततः+ते,ततः+ते,0.0
split: यत् + ‍करोति,यत्+करोति,यत्+करोति,0.0
split: काचिद् + वरिष्ठा,काचित्+वरिष्ठा,काचित्+वरिष्ठा,0.0
split: तयोस + ्तु,तयोः+तु,तयोः+तु,0.0
split: एवं  + यदि,एवम्+अदि,एवम्+यदि,0.125
split: ससूव + ेति निगमे,ससूव+इति निगमे,ससूव+इति+निगमे,0.07142857142857142
split: ह्रस्वं  + लघु,ह्रस्वम्+लघु,ह्रस्वम्+लघु,0.0
split: तच् + चापि,तत्+च+अपि,तत्+च+अपि,0.0
split: यो + ऽस्ति,यः+अस्ति,यः+अस्ति,0.0
split: आवश्यकं  + च,आवश्यकम्,आवश्यकम्+च,0.2
split: दिगि + ति,दिगि+इति,दिक्+इति,0.25
split: सारथिर + ्यदि,सारथिः+यदि,सारथिः+यदि,0.0
split: यस्य + ेत्यर्थः,यस्य+इति+अर्थः,यस्य+इति+अर्थः,0.0
split: संग्रह  + इति,संग्रहः+इति,संग्रहः+इति,0.0
split: एतच् + च,एतत्+च,एतत्+च,0.0
split: वैशिष्ट्यं  + 12चेति,वैशिष्ट्यम्+च+इति,वैशिष्ट्यम्+चेति,0.11764705882352941
split: लक्षणमु + क्तं,लक्षणम्+उक्तं,लक्षणम्+उक्तं,0.0
split: शरणमन + ्विच्छ,शरणम्+अन्विच्छ,शरणम्+अनु+इच्छ,0.21428571428571427
split: भरणि + षेणः,भरणि+सेणः,भरणि+सेनः,0.1111111111111111
split: न + ोनयतिध्वनयत्,न+उनयतिध्वनयत्,न+ऊनयतिध्वनयत्येलयत्यर्दयतिभ्यः,0.5806451612903226
split: माता + ऽवदत्,माता+अवदत्,माता+अवदत्,0.0
split: वयमि + ति,वयम्+इति,वयम्+इति,0.0
split: ह् + युवाच,हि+उवाच,हि+उवाच,0.0
split: नित्यं  + स्मयतेः,नित्यम्+स्मयतेः,नित्यम्+स्मयतेः,0.0
split: प्राणम् + प्राणेपानम् ,प्राणम्+प्राणेपानम्,प्राणम्+प्राणे+अपानम्+तथा+अपरे,0.36666666666666664
split: आधानञ् + चाग्निहोत्रञ,आधानम्+चाग्निहोत्रञ्,आधानम्+च+अग्निहोत्रम्+च,0.21739130434782608
split: चिस्फुरोर + ्णौ,चिस्फुरोः+णौ,चिस्फुरोः+णौ,0.0
split: प्राचां  + ष्फ तद्धितः,प्राचाम्+ष्फ तद्धितः,प्राचाम्+ष्फः+तद्धितः,0.09523809523809523
split: सीता + ऽसौ,सीता+असौ,सीता+असौ,0.0
split: साकं  + च,साकं +च,साकम्+च,0.2857142857142857
split: तथो + क्तः,तथा+उक्तः,तथा+उक्तः,0.0
split: भवभूतिर + िव,भवभूतिः+इव,भवभूतिः+इव,0.0
split: विलोकितं  + नु,विलोकितम्+नु,विलोकितम्+नु,0.0
split: घट  + इत्यत्र,घट +इति+अत्र,घटः+इति+अत्र,0.08333333333333333
split: यतो +  हंसीयं,यतः+अहंसीयं,यतः+हंसी+इयं,0.25
split: न + ैकमेवाति,न+एकम्+एव+अति,न+एकम्+एव+अति,0.0
split: गरुडश + ्च,गरुडः+च,गरुडः+च,0.0
split: दधातेर + ्हिः,दधातेः+हिः,दधातेः+हिः,0.0
split: धनमे + व,धनम्+एव,धनम्+एव,0.0
split: च + ेष्टका,च+इष्टका,च+इष्टका,0.0
split: पितुर्भ्यामन + ्यतरस्याम्‌,पितुर्भ्याम्+अन्यतरस्,मातुःपितुर्भ्याम्+अन्यतरस्याम्,0.3
split: प्र + ैषः,प्र+एषः,प्र+एषः,0.0
split: मानमा + ह,मानम्+आह,मानम्+आह,0.0
split: शिशिरो + ऽथ,शिशिरः+अथ,शिशिरः+अथ,0.0
split: प्रतियोगिता + ऽन्वयः,प्रतियोगिता,प्रतियोगिता+अन्वयः,0.3888888888888889
split: ईशो + ऽनन्तोऽथ,ईशः+अनन्तः+अथ,ईशः+अनन्तः+अथ,0.0
split: सत्पथो +  न,सत्पथः+न,सत्पथः+न,0.0
split: सत्यश + ्च,सत्यः+च,सत्यः+च,0.0
split: यज् + ञः,यत्+ञः,यज्+नः,0.3333333333333333
split: प्राण + ायामपरायणाः,प्राण+अयामपरायणाः,प्राण+आयामपर+अयनाः,0.2222222222222222
split: स  + बाहुकः,स +बाहुकः,सः+बाहुकः,0.1111111111111111
split: समूह + ेति,समूह+इति,समूह+इति,0.0
split: कर्त्तव्यो +  भवति,कर्त्तव्यः+भवति,कर्त्तव्यः+भवति,0.0
split: वोढा + ऽश्वः,वोढा+अश्वः,वोढा+अश्वः,0.0
split: ज्ञानं  + हेतुः,ज्ञानम्+हेतुः,ज्ञानम्+हेतुः,0.0
split: हृदा + वाह्य,हृदा+अवाह्य,हृदा+अवाह्य,0.0
split: किं  + पश्य,किम्+अपश्य,किम्+पश्य,0.1
split: किञ्चिद् +  अग्रे,किञ्चित्+अग्रे,किञ्चित्+अग्रे,0.0
split: यज्ञं  + यज्ञेनैवोपजु,यज्ञम्+अज्ञेन+एव,यज्ञम्+यज्ञेन+एव+उपजुह्वति,0.4230769230769231
split: लिट् + यन्यतरस्याम्,लिट्+अन्यतरस्याम्,लिटि+अन्यतरस्याम्,0.058823529411764705
split: दुःखमि + ति,दुःखम्+इति,दुःखम्+इति,0.0
split: खरो +  न,खरः+अन,खरः+न,0.16666666666666666
split: उप + ेन्द्रः,उप+इन्द्रः,उप+इन्द्रः,0.0
split: पूर्वो + ऽभ्यासः,पूर्वः+अभ्यासः,पूर्वः+अभ्यासः,0.0
split: पुरवहान्ताच् + च,पुरवहान्तात्+च,प्रस्थपुरवहान्तात्+च,0.3
split: कथमे + षा,कथम्+एषा,कथम्+एषा,0.0
split: शक्तिर + ्भृशं,शक्तिः+भृशं,शक्तिः+भृशं,0.0
split: शुनको + ऽवदत्,शुनकः+अवदत्,शुनकः+अवदत्,0.0
split: सो + ऽतिशयः,सः+अतिशयः,सः+अतिशयः,0.0
split: पुष्पं  + चैवापरे,पुष्पम्+चैव+अपरे,पुष्पम्+च+एव+अपरे,0.11764705882352941
split: एकमप + ि,एकम्+अपि,एकम्+अपि,0.0
split: अत्र + ायं क क इति,अत्र+अयम्+क क इति,अत्र+अयम्+कः+कः+इति,0.21052631578947367
split: तत्र + ाक्षतमिति,तत्र+अक्षतम्+इति,तत्र+अक्षतम्+इति,0.0
split: न + ापीति,न+अपि,न+अपि+इति,0.4444444444444444
split: मयै + षा,मया+एषा,मया+एषा,0.0
split: धर्मो +  भवति,धर्मः+भवति,धर्मः+भवति,0.0
split: तावद् + दूरतः,तावत्+दूरतः,तावत्+दूरतः,0.0
split: अभिज्ञानं  + विना,अभिज्ञानम्+विना,अभिज्ञानम्+विना,0.0
split: जीविसंघाञ्ञ् + यड्वाहीकेष्व,जीविसंघाञ्ञ्+यड्वाहीक,आयुधजीविसङ्‍घात्+ञ्यट्+वाहीकेषु+अब्राह्मणराजन्यात्,0.68
split: इत् + यत्रैवात्राप,इति+अत्र+अत्र+अपि,इति+अत्र+एव+अत्र+अपि,0.15
split: सर्वमि + ति,सर्वम्+इति,सर्वम्+इति,0.0
split: अत्र + ैकः,अत्र+एकः,अत्र+एकः,0.0
split: च + ैवं दण्डोऽपि,च+एवम्+दण्डः+अपि,च+एवम्+दण्डः+अपि,0.0
split: अचिरादे + व,अचिरात्+एव,अचिरात्+एव,0.0
split: तदा + ह्वानं,तत्+आह्वानं,तदा+आह्वानं,0.18181818181818182
split: च + ैत्र,च+एत्र,च+अत्र,0.16666666666666666
split: इञः +  प्राचाम्‌,इञः+अप्राचाम्,इञः+प्राचाम्,0.07692307692307693
split: व्यत्ययो +  बहुलम्,व्यत्ययः+बहुलम्,व्यत्ययः+बहुलम्,0.0
split: प्रश्ने +  चासन्नकाले,प्रश्ने+च+असन्नकाले,प्रश्ने+च+आसन्नकाले,0.05263157894736842
split: तव + ल्कारः,तव+अल्कारः,तव+ऌकारः,0.3
split: वामं  + खलु,वामम्+खलु,वामम्+खलु,0.0
split: निराकृतो +  नागम नागम इ,निराकृतः+अनागम,निराकृतः+न+आगमः+न+आगमः+इति,0.5384615384615384
split: तासस्त्योर + ्लोपः,तासस्त्योः+लोपः,तासस्त्योः+लोपः,0.0
split: उद्बोधो +  नाम,उद्बोधः+अनाम,उद्बोधः+नाम,0.08333333333333333
split: प्रीतो +  हरिः,प्रीतः+अहरिः,प्रीतः+हरिः,0.08333333333333333
split: लक्षणमस + ्तु,लक्षणम्+अस्तु,लक्षणम्+अस्तु,0.0
split: विंश + ैव,विंश+एव,विंश+एव,0.0
split: तिपिपर्त्योश + ्च,तिपिपर्त्योः+च,अर्तिपिपर्त्योः+च,0.17647058823529413
split: च + ैव,च+एव,च+एव,0.0
split: पद्मन् + तु,पद्मम्+तु,पद्मम्+तु,0.0
split: तदि + दमुक्तं,तत्+इदमुक्तं,तत्+इदम्+उक्तं,0.21428571428571427
split: परिणामो +  विद्यते,परिणामः+विद्यते,परिणामः+विद्यते,0.0
split: पथो +  विभाषा,पथा+अविभाषा,पथः+विभाषा,0.18181818181818182
split: श्रेयो +  निःश्रेयसं,श्रेयः+निःश्रेयसं,श्रेयः+निःश्रेयसं,0.0
split: लिङ्गमा + श्रित्य,लिङ्गम्+आश्रित्य,लिङ्गम्+आश्रित्य,0.0
split: मानं  + मध्ये,मानम्+मध्ये,मानम्+मध्ये,0.0
split: अधिभूतञ् + च,अधिभूतम्+च,अधिभूतम्+च,0.0
split: रहस्यं  + ह्येतदुत्तमम,रहस्यम्+ह्येतदुत्तमम्,रहस्यम्+हि+एतत्+उत्तमम्,0.30434782608695654
split: मामन + ुस्मर,मामन+उस्मर,माम्+अनुस्मर,0.3333333333333333
split: शक्तिर + ्लब्धास्ति,शक्तिः+लब्धास्ति,शक्तिः+लब्धा+अस्ति,0.1111111111111111
split: कर्मणै + व,कर्मणा+एव,कर्मणा+एव,0.0
split: श्रद्धयो + पेतो योगाच्च,श्रद्धयः+अपेतः,श्रद्धया+उपेतः+योगात्+चलितमानसः,0.6129032258064516
split: णावच्छ्रुमदण + ो यञ्,णावच्छ्रुमदण्+उयञ्,अभिजिद्विदभृच्छालावच्छिखावच्छमीवदूर्णावच्छ्रुमदणः+यञ्,0.7169811320754716
split: क्त्वो +  यक्,क्त्वः+अयक्,क्त्वः+यक्,0.09090909090909091
split: इनित्रकट्यचश + ्च,इनित्रकट्यचः+च,इनित्रकट्यचः+च,0.0
split: अवतीर्णो +  हरिः,अवतीर्णः+अहरिः,अवतीर्णः+हरिः,0.07142857142857142
split: इन्द्रो +  वज्री,इन्द्रः+अवज्री,इन्द्रः+वज्री,0.07142857142857142
split: कारणंव + ाचकता,कारणम्+अचकता,कारणम्+वाचकता,0.15384615384615385
split: परं  + सा,परम्+सा,परम्+सा,0.0
split: रसमा + च्छाद्य,रसम्+आच्छाद्य,रसम्+आच्छाद्य,0.0
split: रस्मैपदानां  + णलतुसुस्थलथु,रस्मैपदानां,परस्मैपदानाम्+णलतुसुस्थलथुसणल्वमाः,0.7058823529411765
split: केशवश + ्च,केशवः+च,केशवः+च,0.0
split: पुष्करश + ्चेति,पुष्करः+च+इति,पुष्करः+च+इति,0.0
split: तच् + चित्रमादाय,तत्+चित्रमादाय,तत्+चित्रम्+आदाय,0.1875
split: किं  + कदापि,किम्+कदापि,किम्+कदापि,0.0
split: विस्तारो +  लक्ष्म,विस्तारः+अलक्ष्म,विस्तारः+लक्ष्म,0.0625
split: वैपरीत्यमि + ति,वैपरीत्यम्+इति,वैपरीत्यम्+इति,0.0
split: तदा + ऽनेन,तदा+अनेन,तदा+अनेन,0.0
split: जनसनखनां  + सञ्झलोः,जनसनखनाम्+सञ्झलः,जनसनखनाम्+सञ्झलोः,0.058823529411764705
split: स  + तथोक्तः,स +अतथोक्तः,सः+तथा+उक्तः,0.4166666666666667
split: दर्शितो + ऽनुरागः,दर्शितः+अनुरागः,दर्शितः+अनुरागः,0.0
split: त्रयस + ्ते,त्रयः+ते,त्रयः+ते,0.0
split: अष्टनो +  दीर्घात्‌,अष्टनः+दीर्घात्,अष्टनः+दीर्घात्,0.0
split: गौरवं  + दर्शयति,गौरवम्+दर्शयति,गौरवम्+दर्शयति,0.0
split: स्वयं  + ब्रह्मा,स्वयम्+ब्रह्मा,स्वयम्+ब्रह्मा,0.0
split: नियत + ाहाराः,नियत्+आहाराः,नियत+आहाराः,0.08333333333333333
split: सर्वथा + ऽपि,सर्वथा+अपि,सर्वथा+अपि,0.0
split: षड् +  हुत्वा,षत्+हुत्वा,षट्+हुत्वा,0.1
split: क्व + ास्तीति,क्व+अस्तीति,क्व+अस्ति+इति,0.23076923076923078
split: जगतस + ्त्रैलोक्यस्,जगतः+त्रैलोक्यस्य,जगत:+त्रैलोक्यस्य,0.058823529411764705
split: महोल्के + व,महोल्के+एव,महोल्का+इव,0.2
split: इत् + युक्तिरसंगतै,इति+असंगता,इति+उक्तिः+असंगत+एव+इति,0.6086956521739131
split: अश्वाघस्य + ात्‌,अश्वाघस्य+आत्,अश्वाघस्य+आत्,0.0
split: आपो +  ध्रुवञ्च,आपः+अध्रुवञ्च,आपः+ध्रुवम्+च,0.23076923076923078
split: तत्र +  तेनेदमिति स,तत्र+इनेदम्+इति,तत्र+तेन्+इदम्+इति+सरूपे,0.4583333333333333
split: वृक्षश + ्शेते,वृक्षः+शेते,वृक्षः+शेते,0.0
split: व्यवस्था + ऽपि,व्यवस्था+अपि,व्यवस्था+अपि,0.0
split: गिरीशश + ्‍चकित,गिरीशः+चकित,गिरीशः+चकित,0.0
split: पञ्चमो + ऽध्याय,पञ्चमः+अध्याय,पञ्चमः+अध्यायः,0.07142857142857142
split: इयमस + ्ति,इयमः+ति,इयम्+अस्ति,0.4
split: पुण्या + त्मायम्,पुण्या+आत्मायम्,पुण्या+आत्मा+अयम्,0.11764705882352941
split: स  + क्षिप्रं,स +क्षिप्रं,सः+क्षिप्रं,0.09090909090909091
split: तथा + स्य,तथा+अस्य,तथा+अस्य,0.0
split: संशयमा + पन्नः,संशयम्+आपन्नः,संशयम्+आपन्नः,0.0
split: हेतुर + ुक्तः,हेतुः+उक्तः,हेतुः+उक्तः,0.0
split: यज् + ज्ञानं,यत्+ज्ञानं,यत्+ज्ञानं,0.0
split: जायाया  + निङ्,जायाया +अनिङ्,जायायाः+निङ्,0.15384615384615385
split: मधुबभ्र्वोर + ्ब्राह्मणकौश,मधुबभ्र्वोः+ब्राह्मणक,मधुबभ्र्वोः+ब्राह्मणकौशिकयोः,0.25
split: ओं  + हूं हूं फट्,ओं +हूं हूं फट्,ओम्+हूम्+हूम्+फट्,0.47058823529411764
split: परि + माणम्,परि+माणम्,परि+मानम्,0.1111111111111111
split: धनुर + िदं,धनुः+इदं,धनुः+इदं,0.0
split: ज्ञातं  + यदयमेव,ज्ञातं +अदयम्+एव,ज्ञातम्+यत्+अयम्+एव,0.3684210526315789
split: अनुगादिनष + ्ठक्,अनुगादिनः+ठक्,अनुगादिनः+ठक्,0.0
split: उपविष्टो + ऽस्ति,उपविष्टः+अस्ति,उपविष्टः+अस्ति,0.0
split: एवमे + कदा,एवम्+एकदा,एवम्+एकदा,0.0
split: न + ाऽहं,न+अहं,न+अहं,0.0
split: गस + ्थकन्,गः+थकन्,गः+थकन्,0.0
split: निष्कासितो +  रमणस्तत्राऽ,निष्कासितः+अरमणस्तत्,निष्कासितः+रमणः+तत्र+अपि,0.3333333333333333
split: पुत्र  + आयुष्मान्,पुत्र+आयुष्मान्,पुत्रः+आयुष्मान्,0.0625
split: अग्रतो +  स्थित्वा,अग्रतः+अस्थित्वा,अग्रतः+स्थित्वा,0.0625
split: न +  धातुलोप आर्,न+अधातुलोप आर्थ,न+धातुलोपे+आर्धधातुके,0.47619047619047616
split: विचक्षणश + ्च,विचक्षणः+च,विचक्षणः+च,0.0
split: ज्ञात्वा + ऽपि,ज्ञात्वा+अपि,ज्ञात्वा+अपि,0.0
split: पृथगभ + िहित,पृथक्+अभिहित,पृथक्+अभिहित,0.0
split: तत्र + ोपस्थितो,तत्र+उपस्थितः,तत्र+उपस्थित,0.07692307692307693
split: यन् + मम,यत्+मम,यत्+मम,0.0
split: प्राक् + सितादड्व्यवा,प्राक्+सितादड्व्यवा,प्राक्+सितात्+अड्व्यवाये+अपि,0.35714285714285715
split: ण्या भक्तारा + जर्षयस्तथा,ण्या भक्तारा+आजर्षयस्त,पुण्याः भक्ताः+राजा+ऋषयः+तथा,0.5
split: वरो + ऽपि,वरः+अपि,वरः+अपि,0.0
split: श्रीमद् + भगवद्गीतासु,श्रीमत्+भगवत्+गीतासु,श्रीमत्+भगवत्+गीतासु,0.0
split: अन्नाद् + भवन्ति,अन्नात्+भवन्ति,अन्नात्+भवन्ति,0.0
split: प्रतिदिनमप + ि,प्रतिदिनम्+अ,प्रतिदिनम्+अपि,0.14285714285714285
split: यावद् +  वयं,यावत्+वयम्,यावत्+वयं,0.2
split: णो +  नः,णः+अनः,णः+नः,0.16666666666666666
split: ोशालखरशालाच् + च,शालखरशालात्+च,स्थानान्तगोशालखरशालात्+च,0.4583333333333333
split: वेदना + ऽस्ति,वेदना+अस्ति,वेदना+अस्ति,0.0
split: वॄतो +  वा,वॄतः+अवा,वॄतः+वा,0.125
split: च + ात्यर्थं,च+अत्यर्थं,च+अत्यर्थं,0.0
split: सम्यग् + योगे,सम्यक्+योगे,सम्यक्+योगे,0.0
split: द्रुस्रुभ्यः +  कर्तरि चङ्,द्रुस्रुभ्यः,णिश्रिद्रुस्रुभ्यः+कर्त्तरि+चङ्,0.6129032258064516
split: यम् + प्रविशन्ति,यम्+प्रविशन्ति,यम्+प्रविशन्ति,0.0
split: तदा + दाय,तत्+आदाय,तत्+आदाय,0.0
split: सम्यगह + ं,सम्यगह+अहं,सम्यक्+अहं,0.2
split: तत्र + ाऽहमेकाकी,तत्र+अहम्+एकाकी,तत्र+अहम्+एकाकी,0.0
split: स  + पूतिगन्धः,स +अपूतिगन्धः,सः+पूतिगन्धः,0.15384615384615385
split: भेद  + इति,भेदा+इति,भेदः+इति,0.125
split: त्रेस + ्त्रयः,त्रेः+त्रयः,त्रेः+त्रयः,0.0
split: केवलं  + हाहाकार,केवलम्+हाहाकार,केवलम्+हाहाकार,0.0
split: दत्तं  + च,दत्तम्+च,दत्तम्+च,0.0
split: पानीयं  + पीत्वा,पानीयम्+पीत्वा,पानीयम्+पीत्वा,0.0
split: उद्विग्न  + इव,उद्विग्न +इव,उद्विग्नः+इव,0.08333333333333333
split: चिरं  + च,चिरं +च,चिरम्+च,0.2857142857142857
split: न +  सुब्रह्मण्य,न+असुब्रह्मण्य,न+सुब्रह्मण्यायाम्+स्वरितस्य+तु+उदात्तः,0.6923076923076923
split: भविष्यति +  मर्यादावचने,भविष्यति+अर्यादावचने,भविष्यति+मर्यादावचने+अवरस्मिन्,0.36666666666666664
split: तत्र + ाऽऽगत्य,तत्र+अगत्य,तत्र+आगत्य,0.1
split: तत्र + ैकमपि,तत्र+एकम्+अपि,तत्र+एकम्+अपि,0.0
split: धान्यमह + ं,धान्यम्+अहं,धान्यम्+अहं,0.0
split: औदार्यमे + व,औदार्यम्+एव,औदार्यम्+एव,0.0
split: दोषैर + ेतैः,दोषैः+इतैः,दोषैः+एतैः,0.1
split: पत्रमस + ौ,पत्रम्+असौ,पत्रम्+असौ,0.0
split: शुचीनां  + श्रिमताम् गे,शुचीनाम्+श्रिमताम्,शुचीनाम्+श्रीमताम्+गेहे,0.2608695652173913
split: विष्णुर + द्यावतीर्णः,विष्णुः+द्यावतीः+णः,विष्णुः+अद्य+अवतीर्णः,0.23809523809523808
split: संशयस्य + ास्य,संशयस्य+अस्य,संशयस्य+अस्य,0.0
split: अनुर + ्लक्षणे,अनुः+लक्षणे,अनुः+लक्षणे,0.0
split: पञ्चषा  + एव,पञ्चषा+एव,पञ्चषाः+एव,0.1
split: ब्रह्मण् + याधाय,ब्रह्मणि+आधाय,ब्रह्मणि+आधाय,0.0
split: विशारदो + ऽस्ति,विशारदः+अस्ति,विशारदः+अस्ति,0.0
split: र्मसंस्थापना + र्थाय,र्मसंस्थापना+अर्थाय,धर्मसंस्थापना+अर्थाय,0.05
split: किमथ + ,किम्+अथ,किम्+अथ,0.0
split: परमं  + तत्त्वं तत्त,परमम्+तत्त्वं,परमम्+तत्त्वम्+तत्त्वम्+यत्+च,0.5862068965517241
split: हत्वा + र्थकामांस्तु,हत्वा+अर्थकामांस्तु,हत्वा+अर्थकामान्+तु,0.15789473684210525
split: युक्त + ात्मा,युक्त+आत्मा,युक्त+आत्मा,0.0
split: स्वं  + धर्मः,स्वम्+धर्मः,स्वम्+धर्मः,0.0
split: भ्रस्जो +  रोपधयोः रमन,भ्रस्जः+अरोपधयोः,भ्रस्जः+रोपधयोः+रम्+अन्यतरस्याम्,0.5625
split: भ्रम  + इति,भ्रम्+इति,भ्रमः+इति,0.1111111111111111
split: धारेर + ुत्तमर्णः,धारेः+उत्तमर्णः,धारेः+उत्तमर्णः,0.0
split: तेन + ावमानितः,तेन+अवमानितः,तेन+अवमानितः,0.0
split: मुमुक्षुर + पि,मुमुक्षुः+अपि,मुमुक्षुः+अपि,0.0
split: तावद् +  भो,तावत्+भो,तावत्+भो,0.0
split: स  + प्रतिबन्धक प,स +अप्रतिबन्धक,सः+प्रतिबन्धकः+प्रतिबन्धकः+एव+इति,0.6363636363636364
split: उदितो +  भगवान्,उदितः+भगवान्,उदितः+भगवान्,0.0
split: श्रीभगवानु + वाच,श्रीभगवानु+उवाच,श्रीभगवान्+उवाच,0.06666666666666667
split: सान्निध्यं  + पूर्ववत्,सान्निध्यं,सान्निध्यम्+पूर्ववत्,0.55
split: वचस + ्‍तथापि,वचः+तथापि,वचः+तथापि,0.0
split: आसनं  + ददाति,आसनम्+ददाति,आसनम्+ददाति,0.0
split: सा + ऽस्मिन् पौर्,सा+अस्मिन्+पौर्यः,सा+अस्मिन्+पौर्णमासि+इति+(संज्ञायाम्),0.5675675675675675
split: स  + यत्र,स +अत्र,सः+यत्र,0.2857142857142857
split: प्रतिष्ठा + ऽपि,प्रतिष्ठा,प्रतिष्ठा+अपि,0.3076923076923077
split: समुच्चये + ऽन्यतरस्याम्,समुच्चये+अन्यतरस्याम्,समुच्चये+अन्यतरस्याम्,0.0
split: द्वितीयमे + व,द्वितीयम्+एव,द्वितीयम्+एव,0.0
split: सत् + यनुमित्यभावन,सत्+अनुमित्यभावनः,सति+अनुमित्यभावनियमः+तादृशं,0.4074074074074074
split: पुनर + ्दर्शनमपि,पुनः+दर्शनमपि,पुनः+दर्शनम्+अपि,0.1875
split: इत् + युक्तमिति,इति+उक्तम्+इति,इति+उक्तम्+इति,0.0
split: शक्तिर + िति,शक्तिः+इति,शक्तिः+इति,0.0
split: आसक्तिर + पि,आसक्तिः+अपि,आसक्तिः+अपि,0.0
split: काचित् + ‍सीमा,काचित्+सीमा,काचित्+सीमा,0.0
split: शतमत + ्र,शतम्+अति,शतम्+अत्र,0.2222222222222222
split: स्थितो +  वा,स्थितः+अवा,स्थितः+वा,0.1
split: अनन्त + ेश,अनन्त+इश,अनन्त+ईश,0.125
split: पयस + ्पाशम्,पयः+पाशम्,पयः+पाशम्,0.0
split: नन् + वत्र,ननु+अत्र,ननु+अत्र,0.0
split: अयं  + सहजो,अयम्+सहजः,अयम्+सहज,0.1111111111111111
split: तूर्णमे + व,तूर्णम्+एव,तूर्णम्+एव,0.0
split: मम + ायुः,मम+अयुः,मम+आयुः,0.14285714285714285
split: श्रेष्ठस + ्तत्तदेवेतरो,श्रेष्ठः+तत्तदेव+इतरः,श्रेष्ठः+तत्+तत्+एव+इतरः+जनः+,0.3448275862068966
split: युवाल्पयोः +  कनन्यतरस्या,युवाल्पयः+अकनन्यतरस्य,युवाल्पयोः+कन्+अन्यतरस्याम्,0.2962962962962963
split: सत्कृतो +  मनीषी,सत्कृतः+अमनीषी,सत्कृतः+मनीषी,0.07142857142857142
split: यभिप्रायवाना + ह,यभिप्रायवाना+आह,स्वीकार्येत्यभिप्रायवान्+आह,0.48148148148148145
split: एव + ाक्रमणमुचितं,एव+अक्रमणमुचितं,एव+आक्रमणम्+उचितं,0.23529411764705882
split: च + ापरे,च+अपरे,च+अपरे,0.0
split: प्रमाणमस + ्तीति,प्रमाणम्+अस्तीति,प्रमाणम्+अस्ति+इति,0.16666666666666666
split: किञ्चिद् + विद्यते,किञ्चित्+विद्यते,किञ्चित्+विद्यते,0.0
split: वियोगो +  न,वियोगः+न,वियोगः+न,0.0
split: मैत्रश + ्च,मैत्रः+च,मैत्रः+च,0.0
split: ज्ञाप्य + ेत्युक्तम्,ज्ञाप्य+इति+उक्तम्,ज्ञाप्य+इति+उक्तम्,0.0
split: घ्नतो + ऽपि,घ्नतः+अपि,घ्नतः+अपि,0.0
split: तदह + ं,तत्+अहं,तत्+अहं,0.0
split: प्रत्यर्पणमव + श्यमेव,प्रत्यर्पणम्+एव,प्रत्यर्पणम्+अवश्यम्+एव,0.34782608695652173
split: मुद्गरं  + च,मुद्गरम्+च,मुद्गरम्+च,0.0
split: ततो +  देशनाऽन्ते,ततः+देशनाअन्ते,ततः+देशना+अन्ते,0.06666666666666667
split: शरणमप + ि,शरणम्+अपि,शरणम्+अपि,0.0
split: दत्तो + ऽस्ति,दत्तः+अस्ति,दत्तः+अस्ति,0.0
split: परिवृतो +  रथः,परिवृतः+अथः,परिवृतः+रथः,0.09090909090909091
split: यजन्त् + यविधिपूर्वकम,यजन्ति+अविधिपूर्वकम्,यजन्ति+अविधिपूर्वकम्,0.0
split: ुन्दिवलिवटेर + ्भः,उन्दिवलिवटेः+भः,तुन्दिवलिवटेः+भः,0.125
split: परतरं  + नान्यत्किञ्च,परतरम्+अनान्यत्किञ्च,परतरम्+न+अन्यत्+किम्+चित्+अस्ति,0.4838709677419355
split: अभ्यासस्य + ासवर्णे,अभ्यासस्य+असवर्णे,अभ्यासस्य+आसवर्णे,0.058823529411764705
split: प्रकृत्या + ऽन्तःपादमव्य,प्रकृत्या+अन्तःपादम्+अ,प्रकृत्या+अन्तःपादम्+अव्यपरे,0.21428571428571427
split: कलहो + ऽपि,कलहः+अपि,कलहः+अपि,0.0
split: महात्मो + वाच,महात्मः+अवाच,महात्मा+उवाच,0.16666666666666666
split: ध्वमो +  ध्वात्‌,ध्वमः+अध्वात्,ध्वमः+ध्वात्,0.07692307692307693
split: रावणस + ्तु,रावणः+तु,रावणः+तु,0.0
split: निर + ाशीरपरिग्रहः,निः+आशीरपरिग्रहः,निः+आशीः+अपरिग्रहः,0.16666666666666666
split: तनया + ऽपि,तनया+अपि,तनया+अपि,0.0
split: परं  + प्रति,परम्+प्रति,परम्+प्रति,0.0
split: तदानीमप + ि,तदानीम्+अपि,तदानीम्+अपि,0.0
split: कारणं  + यत्,कारणम्+अत्,कारणम्+यत्,0.1
split: आत्मनश + ्च पूरणे,आत्मनः+च पूरणे,आत्मनः+च+पूरणे,0.07142857142857142
split: सर्वभूत + ात्मभूतात्मा,सर्वभूत+आत्मभूतात्मा,सर्वभूत+आत्मभूत+आत्मा,0.09523809523809523
split: अथ + ातो,अथ+आतः,अथ+अतः,0.16666666666666666
split: स्थितश + ्चलति तत्त्व,स्थितः+चलति+इतत्त्व,स्थितः+चलतितत्त्वतः,0.21052631578947367
split: परं  + मनः,परम्+मनः,परम्+मनः,0.0
split: सनोतेर + नः,सनोतेः+अनः,सनोतेः+अनः,0.0
split: एष  + युधिष्ठिरः,एष +अयुधिष्ठिः,एषः+युधिष्ठिरः,0.21428571428571427
split: सुतरामा + पत्तिरिति,सुतराम्+आपत्तिः+इति,सुतराम्+आपत्तिः+इति,0.0
split: ईशं  + वा,ईशम्+वा,ईशम्+वा,0.0
split: तदु + पात्तमिति,तत्+उपात्तम्+इति,तत्+उपात्तम्+इति,0.0
split: एव + ेति,एव+इति,एव+इति,0.0
split: विभक्तिश + ्च,विभक्तिः+च,विभक्तिः+च,0.0
split: क्रमशो +  नव,क्रमशः+अनव,क्रमशः+नव,0.1
split: परिगणितो + ऽस्मि,परिगणितः+अस्म,परिगणितः+अस्मि,0.07142857142857142
split: विस्मितो +  भूत्वा,विस्मितः+भूत्वा,विस्मितः+भूत्वा,0.0
split: वर्णितस + ्तत्र,वर्णितः+तत्र,वर्णितः+तत्र,0.0
split: यच् + चोक्तं,यत्+च+उक्तं,यत्+च+उक्तं,0.0
split: त्वमह + ं वक्ता,त्वम्+अहं,त्वम्+अहम्+वक्ता,0.5
split: ऐति +  संज्ञायामगा,ऐति+असंज्ञायामगा,एति+संज्ञायाम्+अगात्,0.35
split: न + ोक्तम्,न+उक्तम्,न+उक्तम्,0.0
split: मधुरं  + गीतम्,मधुरम्+गीतम्,मधुरम्+गीतम्,0.0
split: यमत्स्यानां  + य उपधायाः,यमत्स्यानां,सूर्यतिष्यागस्त्यमत्स्यानाम्+यः+उपधायाः,0.7435897435897436
split: खल् + ‍वेतादृश,खलु+इतादृश्य,खलु+एतादृश,0.25
split: भूर + ्भुवः,भूः+भुवः,भूः+भुवः,0.0
split: च + ाभाव इति,च+अभाव इति,च+अभावः+इति,0.18181818181818182
split: विष्णुर + ्द्देवेष्वपि,विष्णुः+द्देवेष्वपि,विष्णुः+देवेषु+अपि,0.2631578947368421
split: एवमप + ीदानीं,एवम्+अपीदानीं,एवम्+अपि+इदानीं,0.2
split: गोविन्दमु + क्त्वा,गोविन्दम्+उक्त्वा,गोविन्दम्+उक्त्वा,0.0
split: एष  + उन्मत्तः,एष +उन्मत्तः,एषः+उन्मत्तः,0.08333333333333333
split: क्षुधितो + ऽन्नं,क्षुधितः+अन्नं,क्षुधितः+अन्नं,0.0
split: यानमा + रोप्य,यानम्+आरोप्य,यानम्+आरोप्य,0.0
split: निवृत्तिर + िति,निवृत्तिः+इति,निवृत्तिः+इति,0.0
split: पक्षो + ऽत्र,पक्षः+अत्र,पक्षः+अत्र,0.0
split: ज्ञान + ावस्थितचेतसः,ज्ञान+अवस्थितचेतसः,ज्ञान+अवस्थितचेतसः,0.0
split: क्षुब्धो + ऽपि,क्षुब्धः+अपि,क्षुब्धः+अपि,0.0
split: अश्वमेधो +  हि,अश्वमेधः+अहि,अश्वमेधः+हि,0.08333333333333333
split: ब्राह्मो + अजातौ,ब्राह्मः+अजातौ,ब्राह्मः+अजातौ,0.0
split: मम + ोपमाता,मम+उपमाता,मम+उपमाता,0.0
split: नलो +  दर्भ दर्भ इ,नलः+दर्भ दर्भ इ,नलः+दर्भः+दर्भः+इव,0.2777777777777778
split: स्वयमि + ति,स्वयम्+इति,स्वयम्+इति,0.0
split: तस्मादह + ं,तस्मात्+अहं,तस्मात्+अहं,0.0
split: उगवादिभ्यो + ऽत्‌,उगवादिभ्यः+अत्,उगवादिभ्यः+यत्,0.07142857142857142
split: लक्ष्मणो +  मे,लक्ष्मणः+मे,लक्ष्मणः+मे,0.0
split: न + ोपधायाः,न+उपधायाः,न+उपधायाः,0.0
split: पतित्वै + व,पतित्वा+एव,पतित्वा+एव,0.0
split: एवं  + बुद्धेः,एवम्+बुद्धेः,एवम्+बुद्धेः,0.0
split: ानिर्दिष्टं  + समास उपसर्जन,अनिर्दिष्टं,प्रथमानिर्दिष्टम्+समासे+उपसर्जनम्,0.7272727272727273
split: तिङो +  गोत्रादीनि ,तिङः+गोत्रादीनि,तिङः+गोत्रादीनि+कुत्सनाभीक्ष्ण्ययोः,0.5714285714285714
split: बहुलं  + छन्दसि,बहुलं +छन्दसि,बहुलम्+छन्दसि,0.15384615384615385
split: पुनस + ्‍तदा,पुनः+तदा,पुनः+तदा,0.0
split: प्रोपाभ्यां  + युजेरयज्ञपात,प्रोपाभ्याम्+युजेः+अयज,प्रोपाभ्याम्+युजेः+अयज्ञपात्रेषु,0.3125
split: यावन + ,यावन्+अन्,यावत्+न,0.3333333333333333
split: वसतिक्षुधोर + िट्,वसतिक्षुधोः+इट्,वसतिक्षुधोः+इट्,0.0
split: अनुमित् + यापत्तिर्दुर,अनुमित्+यापत्तिः+दुः+दु,अनुमिति+आपत्तिः+दुर्वार+एव+इति,0.4666666666666667
split: च + ापरत्र,च+अपरत्र,च+अपरत्र,0.0
split: च + ानु,च+अनु,च+अनु,0.0
split: विध्यत् + यधनुषा,विध्यत्+यधनुषा,विध्यति+अधनुषा,0.14285714285714285
split: पञ्चकमे + कं,पञ्चकम्+एकं,पञ्चकम्+एकं,0.0
split: न + ादत्ते,न+अदत्ते,न+आदत्ते,0.125
split: मनो +  हृदि,मनः+अहृदि,मनः+हृदि,0.1111111111111111
split: तथो + क्तमिति,तथा+उक्तमिति,तथा+उक्तम्+इति,0.21428571428571427
split: विभाषे + टः,विभाषे+इटः,विभाषा+इटः,0.1
split: स  + शावकः,स +शावकः,सः+शावकः,0.125
split: साध्यवद् + विशेषणम्,साध्यवत्+विशेषणम्,साध्यवत्+विशेषणम्,0.0
split: मां  + पार्थ,माम्+पार्थ,माम्+पार्थ,0.0
split: मदर + ्पणम्,मदर+पणम्,मत्+अर्पणम्,0.45454545454545453
split: क्षाऽऽदिभ्यो + ऽण्,क्षाऽदिभ्यः+अण्,भिक्षाऽऽदिभ्यः+अण्,0.16666666666666666
split: तिङि +  चोदात्तवति,तिङ्+चोदात्तवति,तिङि+च+उदात्तवति,0.1875
split: सुखं  + वंशो,सुखम्+वंशः,सुखम्+वंशो,0.1
split: ामकौटाभ्यां  + च तक्ष्णः,आमकौटाभ्याम्+च+अतक्ष्ण,ग्रामकौटाभ्याम्+च+तक्ष्णः,0.24
split: किमर्थमस + ौ,किमर्थमसौ,किमर्थम्+असौ,0.25
split: अष्टमो + sध्यायः,अष्टमः+अध्यायः,अष्टमः+अध्यायः,0.0
split: पदं  + सङ्ग्रहेण,पदम्+सङ्ग्रहेण,पदम्+सङ्ग्रहेण,0.0
split: घटो +  हीति,घटः+हीति,घटः+हि+इति,0.3
split: न + ाहमद्यावधि,न+अहम्+अद्यावधि,न+अहम्+अद्य+अवधि,0.125
split: परिहारो + ऽपि,परिहारः+अपि,परिहारः+अपि,0.0
split: हरस + ्तु,हरः+तु,हरः+तु,0.0
split: प्रवर्तनमत + िव्याप्तिः,प्रवर्तनम्+अति+अपि,प्रवर्तनम्+अतिव्याप्तिः,0.30434782608695654
split: वृक्षष् + टीकते,वृक्षष्+टीकते,वृक्षस्+टीकते,0.07692307692307693
split: मां  + योऽभिजानाति,माम्+अभिजानाति,माम्+यः+अभिजानाति,0.17647058823529413
split: शल्यश + ्च,शल्यः+च,शल्यः+च,0.0
split: मण्डले + थ,मण्डले+अथ,मण्डले+अथ,0.0
split: साहसं  + स्वैरं वा,साहसम्+स्वैरं,साहसम्+स्वैरम्+वा,0.29411764705882354
split: कथं  + व्यभिचारः,कथं +व्यभिचारः,कथम्+व्यभिचारः,0.14285714285714285
split: असिद्ध + ेत्यत,असिद्ध+इति,असिद्ध+इति+अतः,0.2857142857142857
split: नेत्रं  + कृत्वा,नेत्रम्+कृत्वा,नेत्रम्+कृत्वा,0.0
split: मुण्डञ् + च,मुण्डम्+च,मुण्डम्+च,0.0
split: पुत्रस + ्‍तु,पुत्रः+तु,पुत्रः+तु,0.0
split: बुद्धिर + ्व्यवसायोSपि,बुद्धिः+व्यवसायः,बुद्धिः+व्यवसायः+अपि,0.2
split: हतो +  तदा,हतः+अतदा,हतः+तदा,0.125
split: कालस + ्तु,कालः+तु,कालः+तु,0.0
split: स्याद् + वृद्ध्या,स्यात्+वृद्ध्या,स्यात्+वृद्ध्या,0.0
split: पञ्चम्यामज + ातौ,पञ्चम्याम्+अजातौ,पञ्चम्याम्+अजातौ,0.0
split: तदभ + ावो नेति,तत्+भावः+अनेति,तत्+अभावः+न+इति,0.26666666666666666
split: अनुभवश + ्च,अनुभवः+च,अनुभवः+च,0.0
split: कुलध्नानां  + वर्णसङ्करकार,कुलध्नानाम्+वर्णसङ्कर,कुलघ्नानाम्+वर्णसङ्कर+कारकैः,0.2857142857142857
split: व्यभिचारो + ऽत,व्यभिचारः+अत,व्यभिचारः+अत,0.0
split: कृष्णं  + वर्म्म,कृष्णम्+वर्म्म,कृष्णम्+वर्म्म,0.0
split: तथा + ऽसौ,तथा+असौ,तथा+असौ,0.0
split: तद् + दिनम्,तत्+दिनम्,तत्+दिनम्,0.0
split: च + ेत्थम्,च+इत्थम्,च+इत्थम्,0.0
split: हव्येऽ + नन्तः पादम्,हव्येः+अनन्तः+पादम्,हव्येः+अनन्तःपादम्,0.05263157894736842
split: स  + दुष्टः,स +दुष्टः,सः+दुष्टः,0.1111111111111111
split: कविता + पि,कविता+अपि,कविता+अपि,0.0
split: इत् + यपीति,इति+अपि,इति+अपि+इति,0.36363636363636365
split: किं  + व्यर्थं व्यर,किम्+व्यर्थं,किम्+व्यर्थम्+व्यर्थम्+बहु,0.5769230769230769
split: न + ावेक्षितम्,न+अवेक्षितम्,न+अवेक्षितम्,0.0
split: विषयी + ति,विषयि+इति,विषयी+इति,0.1111111111111111
split: ब्रुवो +  वचिः,ब्रुवः+अवचिः,ब्रुवः+वचिः,0.08333333333333333
split: यद् +  भव्यं,यत्+भव्यं,यत्+भव्यं,0.0
split: इदानीं  + यावद्,इदानीं +आवद्,इदानीम्+यावद्,0.3076923076923077
split: एवं  + तत्,एवम्+तत्,एवम्+तत्,0.0
split: स  + एकदा,स +एकदा,सः+एकदा,0.14285714285714285
split: सुजनो +  वा,सुजनः+अवा,सुजनः+वा,0.1111111111111111
split: स्यादु + त,स्यात्+उत्,स्यात्+उत,0.1
split: च + ेन्द्रस्तु,च+इन्द्रस्तु,च+इन्द्रः+तु,0.16666666666666666
split: धर्मस + ्तत्,धर्मः+तत्,धर्मः+तत्,0.0
split: अर्थादि + ति,अर्थात्+इति,अर्थात्+इति,0.0
split: च + ायम्,च+अयम्,च+अयम्,0.0
split: तङाना + वात्मनेपदम्,तङाना+आत्मनेपदम्,तङानौ+आत्मनेपदम्,0.0625
split: गर्दभो + ऽपि,गर्दभः+अपि,गर्दभः+अपि,0.0
split: दैवाद् + वा,दैवात्+वा,दैवात्+वा,0.0
split: तिच्यवतीनां  + वा,तिच्यवतीनाम्+वा,स्रवतिशृणोतिद्रवतिप्रवतिप्लवतिच्यवतीनाम्+वा,0.6511627906976745
split: तमसस + ्पारम्,तमसः+पारम्,तमसः+पारम्,0.0
split: ण्डिकादिभ्यो + ऽण्,ण्डिकादिभ्यः+अण्,शुण्डिकादिभ्यः+अण्,0.1111111111111111
split: रिपुर + न्यथा,रिपुर+अन्यथा,रिपुः+अन्यथा,0.08333333333333333
split: स्याज् + जीवः,स्यात्+जीवः,स्यात्+जीवः,0.0
split: योगमायासमा + वृतः,योगमायासम्+आ,योगमायासम्+आवृतः,0.25
split: विष्णुस + ्ततः,विष्णुः+ततः,विष्णुः+ततः,0.0
split: इन्द्रियस्य + ेन्द्रियस्या,इन्द्रियस्य+अनेन,इन्द्रियस्य+इन्द्रियस्य+अर्थे,0.5517241379310345
split: आद् + यावयवस्य,आत्+यावयवस्य,आदि+अवयवस्य,0.3333333333333333
split: वार्तै + षा,वार्ता+एषा,वार्ता+एषा,0.0
split: प्रदत्तं  + यथाविधि,प्रदत्तं +अथाविधि,प्रदत्तम्+यथाविधि,0.17647058823529413
split: तत्र + ोपेति,तत्र+उपेति,तत्र+उपेति,0.0
split: भुवो +  भावे,भुवः+भावे,भुवः+भावे,0.0
split: यदद + ्यप्रभृति,यदत्+अप्रभृति,यत्+अद्यप्रभृति,0.26666666666666666
split: स  + प्रत्येकं,स +अप्रत्येकं,सः+प्रत्येकं,0.15384615384615385
split: पुरुषो +  न,पुरुषः+अन,पुरुषः+न,0.1111111111111111
split: भरत + र्षभ,भरत+अर्षभ,भरत+ऋषभ,0.3333333333333333
split: वीरो + ऽस्ति,वीरः+अस्ति,वीरः+अस्ति,0.0
split: प्रणवष + ्टेः,प्रणवष+टेः,प्रणवः+टेः,0.1
split: करणाख्यायां  + चतुर्थ्याः,करणाख्यायाम्+चतुर्थि,वैयाकरणाख्यायाम्+चतुर्थ्याः,0.2962962962962963
split: कुर्वादिभ्यो +  ण्यः,कुर्वादिभ्यः,कुर्वादिभ्यः+ण्यः,0.29411764705882354
split: कंसो +  ममापक्रमणं ,कंसः+ममापक्रमणं,कंसः+मम+अपक्रमणम्+मम+अपक्रमणम्+ज्ञात्वा,0.6666666666666666
split: समिधो +  दत्त्वा,समिधः+अदत्त्वा,समिधः+दत्त्वा,0.07142857142857142
split: ततस + ्तादृश,ततः+तादृश,ततः+तादृश,0.0
split: धातोस + ्तन्निमित्तस,धातोः+तन्निमित्तस,धातोः+तन्निमित्तस्य+एव,0.22727272727272727
split: तत्त्वेन + ातश्च्यवन्ति,तत्त्वेन+अतः+च+अवन्ति,तत्त्वेन+अतश्च्यवन्ति,0.19047619047619047
split: कुलक्षयकृतं  + दोषं मित्रद्,कुलक्षयकृतं,कुलक्षयकृतम्+दोषम्+मित्रद्रोहे,0.6666666666666666
split: स्त्रीणामु + परि,स्त्रीणाम्+उपरि,स्त्रीणाम्+उपरि,0.0
split: चेत् + सुदुराचारो भ,चेत्+सुदुराचारः,चेत्+सुदुराचारः+भजते,0.25
split: महेन्द्रपुरी + व,महेन्द्रपुरी+इव,महेन्द्रपुरी+इव,0.0
split: कारनाम्नि +  च प्राचां ह,कारनाम्नि+च,कारनाम्नि+च+प्राचाम्+हलादौ,0.5769230769230769
split: योगो +  दुष्प्राय इ,योगः+अदुष्प्रायइ,योगः+दुः+प्रायः+इति,0.3684210526315789
split: कथञ् + ज्ञेयोsसि,कथम्+ज्ञेयः+सि,कथम्+ज्ञेयः+असि,0.06666666666666667
split: बिल्वादिभ्यो + ऽण्,बिल्वादिभ्यः+अण्,बिल्वादिभ्यः+अण्,0.0
split: श्रीर + स्तु,श्रीः+अस्तु,श्रीः+अस्तु,0.0
split: शङ्ख  + इति,शङ्ख +इति,शङ्खः+इति,0.1111111111111111
split: डित्थो + ऽयमिति,डित्थः+अयमिति,डित्थः+अयम्+इति,0.2
split: पुनर + ्विमर्श आह,पुनः+विमर्श आह,पुनः+विमर्शः+आह,0.13333333333333333
split: बाधो +  न,बाधः+अन,बाधः+न,0.14285714285714285
split: समु + पस्थितम्,समु+उपस्थितम्,सम्+उपस्थितम्,0.07692307692307693
split: ङ्स्थाऽऽसां  + कर्म,ङ्स्थाऽसाम्+कर्म,अधिशीङ्स्थाऽऽसाम्+कर्म,0.2727272727272727
split: सो + ऽनेन,सः+अनेन,सः+अनेन,0.0
split: नद् + यत्र,नत्+यत्र,नदी+अत्र,0.375
split: असती + ति,असति+इति,असति+इति,0.0
split: पुत्रपौत्रमन + ुभवति,पुत्रपौत्रम्+अनुभवति,परोवरपरम्परपुत्रपौत्रम्+अनुभवति,0.3548387096774194
split: गुरूनि + हैएव,गुरूनि+इह+एव,गुरून्+इह+एव,0.08333333333333333
split: स्नेहो +  न,स्नेहः+न,स्नेहः+न,0.0
split: इदं  + वाक्यं वाक्य,इदम्+वाक्यम्,इदम्+वाक्यम्+वाक्यम्+न,0.45454545454545453
split: परस्परं  + सहकारिता,परस्परम्+सहकारिता,परस्परम्+सहकारिता,0.0
split: स  + एवेदानीमेषः,स+एव+इदानीम्+एषः,सः+एव+इदानीम्+एषः,0.058823529411764705
split: अयं  + खलु,अयम्+खलु,अयम्+खलु,0.0
split: एवं  + सत्यपि,एवम्+सत्यपि,एवम्+सति+अपि,0.25
split: साधनं  + करणम्,साधनं +करणम्,साधनम्+करणम्,0.16666666666666666
split: यच् + छोकमुच्छोषणम,यत्+छोकमुच्छोषणम्,यत्+शोकम्+उत्+शोषणम्+इन्द्रियाणाम्,0.6176470588235294
split: शिशुर + पि,शिशुः+अपि,शिशु:+अपि,0.1111111111111111
split: स  + राक्षस राक्ष,स +अक्षः+अक्षः,सः+राक्षसः+राक्षसः+उवाच,0.5217391304347826
split: तेन + ापरम्,तेन+अपरम्,तेन+अपरम्,0.0
split: संकेत  + इति,संकेत +इति,संकेतः+इति,0.1
split: हृदे + त्युक्त्वा,हृदा+इति+उक्त्वा,हृदा+इति+उक्त्वा,0.0
split: यत्र + ासौ,यत्र+असौ,यत्र+असौ,0.0
split: स्यादि + त्यर्थः,स्यात्+इत्यर्थः,स्यात्+इति+अर्थः,0.1875
split: निर्माणमे + व,निर्माणम्+एव,निर्माणम्+एव,0.0
split: खातं  + च,खातम्+च,खातम्+च,0.0
split: कारणमव + िज्ञायापि,कारणम्+अविज्ञायापि,कारणम्+अविज्ञाय+अपि,0.10526315789473684
split: पङ्गुश + ्च,पङ्गुः+च,पङ्गुः+च,0.0
split: तदन + ुभावः,तदन+उभावः,तत्+अनुभावः,0.45454545454545453
split: प्रसन्नचेतसो +  ह्याशु,प्रसन्नचेतसः+ह्याशु,प्रसन्नचेतसः+हि+आशु,0.15789473684210525
split: हन्तुं  + स्वजनमुद्यता,हन्तुं+स्वजनमुद्यता,हन्तुम्+स्वजनम्+उद्यताः,0.2608695652173913
split: नासिका + ग्रं स्वन्दि,नासिका+आग्रम्+स्वन्दि,नासिका+अग्रम्+स्वम्+दिशः+च+अन्+अवलोकयन्,0.5128205128205128
split: एवं  + चाक्षुषेच्छा,एवम्+चाक्षुषेच्छा,एवम्+चाक्षुष+इच्छा,0.1111111111111111
split: राजन् + यन्तः,राजन्+अन्तः,राजनि+अन्तः,0.09090909090909091
split: विशेषो +  विशेषणं विश,विशेषः+अविशेषणं,विशेषः+विशेषणम्+विशेषणम्+न,0.5
split: कदा + पि,कदा+अपि,कदा+अपि,0.0
split: प्रसिद्ध + ेति,प्रसिद्ध+इति,प्रसिद्ध+इति,0.0
split: अङितश + ्च,अङितः+च,अङितः+च,0.0
split: चतुः + ,चतुः+एव,पञ्चाशत्+संख्या,0.8666666666666667
split: शङ्खान् + दध्मुः,शङ्खान्+दध्मुः,शङ्खान्+दध्मुः,0.0
split: छेदादिभ्यो +  नित्यम्,छेदादिभ्यः+अनित्यम्,छेदादिभ्यः+नित्यम्,0.05263157894736842
split: गौर + ्गौर्न,गौः+गौर्न,गौः+गौः+न,0.2222222222222222
split: किमब + ला,किम्+अबला,किम्+अबला,0.0
split: यद् + यत्,यत्+यत्,यत्+यत्,0.0
split: प्रयातो +  न,प्रयातः+न,प्रयातः+न,0.0
split: रजतञ् + चैव,रजतम्+चैव,रजतम्+च+एव,0.2
split: शक्तो + ऽस्मि,शक्तः+अस्मि,शक्तः+अस्मि,0.0
split: प्रभवन्त् + यहरागमे,प्रभवन्ति+अहरागमे,प्रभवन्ति+अहः+आगमे,0.16666666666666666
split: भानमस + ्ति,भानमः+ति,भानम्+अस्ति,0.36363636363636365
split: खड्गमे + व,खड्गम्+एव,खड्गम्+एव,0.0
split: विदेः +  शतुर्वसुः,विदेः+शतुर्वसुः,विदेः+शतुः+वसुः,0.13333333333333333
split: स  + शीघ्रं,स +अशीघ्रं,सः+शीघ्रं,0.2
split: स्कन्धावारो + ऽस्ति,स्कन्धावारः+अस्ति,स्कन्धावारः+अस्ति,0.0
split: कामतो + ऽकामतो वापि,कामतः+अकामतः+अपि,कामतः+अकामतः+वा+अपि,0.15789473684210525
split: स्थातव्यमि + ह,स्थातव्यम्,स्थातव्यम्+इह,0.23076923076923078
split: पर्याप्तं  + न,पर्याप्तं,पर्याप्तम्+न,0.3333333333333333
split: मूलञ् + च,मूलम्+च,मूलम्+च,0.0
split: इदमा + सनं,इदम्+आसनं,इदम्+आसनं,0.0
split: पुस्तकं  + दत्त्वा,पुस्तकम्+दत्त्वा,पुस्तकम्+दत्त्वा,0.0
split: ततश + ्च,ततः+च,ततः+च,0.0
split: नल  + एव,नल +एव,नलः+एव,0.16666666666666666
split: यथाविध् + यनुप्रयोगः प,यथाविधि+अनुप्रयोगः,यथाविधि+अनुप्रयोगः+पूर्वस्मिन्,0.4
split: तदे + कं वद,तत्+एकम्+वद,तत्+एकम्+वद,0.0
split: स  + भवोत्र,स +भवोत्र,सः+भवः+अत्र,0.36363636363636365
split: भूपतिर + ादिष्टः,भूपतिः+आदिष्टः,भूपतिः+आदिष्टः,0.0
split: ण्डिकादिभ्यो +  ञ्यः,ण्डिकादिभ्यः,शण्डिकादिभ्यः+ञ्यः,0.3333333333333333
split: सत्यमप + ि,सत्यम्+अपि,सत्यम्+अपि,0.0
split: व्यभिचारो +  वारणीय,व्यभिचारः+अवारणीय,व्यभिचारः+वारणीय,0.058823529411764705
split: दत्त्वै + कं,दत्त्वा+एकं,दत्त्वा+एकं,0.0
split: आवश्यकं  + मे,आवश्यकम्+मे,आवश्यकम्+मे,0.0
split: के + यं,के+अयम्,का+इयं,0.5714285714285714
split: मम + ेह,मम+इह,मम+इह,0.0
split: यद्यप् + ‍यत्र,यद्यपि+अत्र,यद्यपि+अत्र,0.0
split: बहुश्रेयस्यै + ,बहुश्रेयस्य+एव,बहुश्रेयस्यी+आट्+ङे,0.3684210526315789
split: नीग् + वञ्चुस्रंसुध,नीक्+वञ्चुस्रंसुध,नीक्+वञ्चुस्रंसुध्वंसुभ्रंसुकसपतपदस्कन्दाम्,0.6046511627906976
split: पुत्रो + ऽयमित्यादि,पुत्रः+अयमित्यादि,पुत्रः+अयम्+इत्यादि,0.15789473684210525
split: अतो +  नोपदर्शितान,अतः+अनोपदर्शितान,अतः+न+उपदर्शित+अनेक,0.3684210526315789
split: को +  दोषो,कः+अदोषः,कः+दोषः,0.125
split: विद्यमान  + इति,विद्यमान्+इति,विद्यमानः+इति,0.07692307692307693
split: अप् + ‍यत्र,अपि+अत्र,अपि+अत्र,0.0
split: सम्पर्को + ऽस्ति,सम्पर्कः+अस्ति,सम्पर्कः+अस्ति,0.0
split: साक्षान् + मृत्युरेव,साक्षात्+मृत्युः+एव,साक्षात्+मृत्युः+एव,0.0
split: रलो +  व्युपधाद्धल,रलः+अव्युपधाद्धल,रलः+व्युपधाद्त्+हलादेः+सन्+च,0.5357142857142857
split: इत् + युवाचेति,इति+उवाचेति,इति+उवाच+इति,0.16666666666666666
split: जनपदैकदेशादञ + ्ठञौ,जनपदैकदेशात्+अञ्,ग्रामजनपदैकदेशात्+अञ्ठञौ,0.3333333333333333
split: सप्तनो + ऽञ् छन्दसि,सप्तनः+अञ् छन्दसि,सप्तनः+अञ्+छन्दसि,0.058823529411764705
split: एवं  + लाक्षणिक लाक,एवम्+लाक्षणिक लाक्,एवम्+लाक्षणिकः+लाक्षणिकः+इति,0.39285714285714285
split: एव + ार्थः,एव+अर्थः,एव+अर्थः,0.0
split: नव + ैव,नव+एव,नव+एव,0.0
split: तर्ही + ति,तर्हि+इति,तर्हि+इति,0.0
split: कीदृशो +  विद्यते,कीदृशः+अविद्यते,कीदृशः+विद्यते,0.06666666666666667
split: चतुरनडुहोर + ामुदात्तः,चतुरनडुहोः+अमुदात्तः,चतुरनडुहोः+आम्+उदात्तः,0.18181818181818182
split: पुरोहितश + ्च,पुरोहितः+च,पुरोहितः+च,0.0
split: पञ्चगव्यन् + तु,पञ्चगव्यम्+तु,पञ्चगव्यम्+तु,0.0
split: स्वाभाविको +  न,स्वाभाविकः+न,स्वाभाविकः+न,0.0
split: हरिर + िति,हरिः+इति,हरिः+इति,0.0
split: आधिक्यमि + ति,आधिक्यम्+इति,आधिक्यम्+इति,0.0
split: नील + ेपि,नील+इपि,नील+अपि,0.14285714285714285
split: नीलंघ + ट,नीलम्+घट,नीलम्+घट,0.0
split: अध्वनो +  यत्खौ,अध्वनः+अत्खौ,अध्वनः+यत्खौ,0.08333333333333333
split: तद् + वरमिति,तत्+वरम्+इति,तत्+वरम्+इति,0.0
split: सत् + ‍यपि,सत्+अपि,सति+अपि,0.14285714285714285
split: वायुर + ागत्य,वायुः+आगत्य,वायुः+आगत्य,0.0
split: एव + ाऽहं,एव+अहं,एव+अहं,0.0
split: अवधानमे + व,अवधानम्+एव,अवधानम्+एव,0.0
split: च + ास्तु,च+अस्तु,च+अस्तु,0.0
split: अन्धश + ्च,अन्धः+च,अन्धः+च,0.0
split: प्रयोगस + ्तदा,प्रयोगः+तदा,प्रयोगः+तदा,0.0
split: तदह + मपि,तत्+अहम्,तत्+अहम्+अपि,0.3333333333333333
split: यदु + त,यत्+उत,यत्+उत,0.0
split: अतो +  द्वितीयोंऽश,अतः+द्वितीयः+अशि,अतः+द्वितीयः+अंशः,0.11764705882352941
split: यद् +  ततः,यत्+ततः,यत्+ततः,0.0
split: तमा + ह,तम्+आह,तम्+आह,0.0
split: दूरत  + एव,दूरत्+एव,दूरतः+एव,0.125
split: संकेतो + ऽपि,संकेतः+अपि,संकेतः+अपि,0.0
split: ओं  + युतं युतं वा,ओम्+युतं,ओम्+युतम्+युतम्+वा,0.6111111111111112
split: अधियज्ञो + हमेवात्र,अधियज्ञः+हम्+एव+अत्र,अधियज्ञः+अहम्+एव+अत्र,0.047619047619047616
split: अग्नि + ष्ठः,अग्नि+स्थः,अग्नि+स्थः,0.0
split: गन्धञ् + च,गन्धम्+च,गन्धम्+च,0.0
split: वामदेव  + इति,वामदेव +इति,वामदेवः+इति,0.09090909090909091
split: नित्यो +  घट,नित्यः+घट,नित्यः+घट,0.0
split: मातरपितरा + वुदीचाम्,मातरपितरा+अवुदीचाम्,मातरपितरौ+उदीचाम्,0.21052631578947367
split: प्राणान् + प्राणेषु,प्राणात्+प्राणेषु,प्राणान्+प्राणेषु,0.058823529411764705
split: लाभ + ालाभौ,लाभ+अलाभौ,लाभ+अलाभौ,0.0
split: कश्चिद् +  आगत्य,कश्चित्+आगत्य,कश्चित्+आगत्य,0.0
split: च + ैको,च+एकः,च+एक,0.2
split: क्रय्यस + ्तदर्थे,क्रय्यः+तदर्थे,क्रय्यः+तदर्थे,0.0
split: च + ापि,च+अपि,च+अपि,0.0
split: मितां  + ह्रस्वः,मिताम्+ह्रस्वः,मिताम्+ह्रस्वः,0.0
split: साधनमे + व,साधनम्+एव,साधनम्+एव,0.0
split: सु + षूतिः,सु+अषूतिः,सु+सूतिः,0.2222222222222222
split: मम + ानुभवस्तु,मम+अनुभवस्तु,मम+अनुभवः+तु,0.16666666666666666
split: रुद्रो +  देवस्तु,रुद्रः+देवस्तु,रुद्रः+देवः+तु,0.14285714285714285
split: लक्ष्मी + च्छाया,लक्ष्मी+इच्छाया,लक्ष्मी+छाया,0.2
split: वि + ष्कन्ता,वि+स्कन्ता,वि+स्कन्ता,0.0
split: रत्नाकर  + इति,रत्नाकर्+इति,रत्नाकरः+इति,0.08333333333333333
split: अनो +  नुट्,अनः+अनुट्,अनः+नुट्,0.1111111111111111
split: केतुस + ्तेजश्चण्डः,केतुः+तेजः+चण्डः,केतुः+तेजः+चण्डः,0.0
split: अत  + इति,अतः+इति,अतः+इति,0.0
split: हृदयन् + तेन,हृदयम्+तेन,हृदयम्+तेन,0.0
split: तदप + ्ययुक्तम्,तत्+अपि+उक्तम्,तत्+अपि+अयुक्तम्,0.1875
split: शूकर  + उवाच,शूकर्+उवाच,शूकरः+उवाच,0.1
split: ह् + युपपद्यते,हि+उपपद्यते,हि+उपपद्यते,0.0
split: तद् +  अर्हति,तत्+अर्हति,तत्+अर्हति,0.0
split: मोहमु + पगतः,मोहम्+उपगतः,मोहम्+उपगतः,0.0
split: न + ालं मामभिमुख,न+अलं मामभिमुख,न+अलम्+माम्+अभिमुखम्+एत्य,0.52
split: जनपदशब्दात् + ‌ क्षत्रियाद,जनपदशब्दात्+क्षत्र,जनपदशब्दात्+क्षत्रियात्+अञ्,0.3333333333333333
split: मम + ेच्छा,मम+इच्छा,मम+इच्छा,0.0
split: चतुरश + ्चतुरस्तद्वत,चतुरः+चतुरस्तद्वत्,चतुरः+चतुरः+तद्वत्,0.1111111111111111
split: ीगर्थदयेशां  + कर्मणि,गर्थदयेशाम्+एव,अधीगर्थदयेशाम्+कर्मणि,0.42857142857142855
split: स्थितस + ्तत्र,स्थितः+तत्र,स्थितः+तत्र,0.0
split: स  + एवायम्भूत्वा,स +एव+अयम्भूत्वा,सः+एव+अयम्+भूत्वा,0.11764705882352941
split: शिष्यश + ्च,शिष्यः+च,शिष्यः+च,0.0
split: शोफस + ्तं,शोफः+तं,शोफः+तं,0.0
split: सञ् + च्छम्भुः,सम्+च्छम्भुः,सन्+शम्भुः,0.3333333333333333
split: मामा + श्रितः,माम्+आश्रितः,माम्+आश्रितः,0.0
split: िगर्तषष्ठाच् + छः,गर्तषष्ठात्+छः,दामन्यादित्रिगर्तषष्ठात्+छः,0.48148148148148145
split: णौ +  चङ्युपधाया ,णौ+चङ्युपधाया,णौ+चङि+उपधायाः+ह्रस्वः,0.5454545454545454
split: स्यन्दनमा + नय,स्यन्दनम्+आनय,स्यन्दनम्+आनय,0.0
split: यद् + यहं,यत्+यहं,यदि+अहं,0.42857142857142855
split: मिदच + ोऽन्त्यात्पर,मिदच+उन्त्यात्पर्,मित्+अचः+अन्त्यात्+परः,0.36363636363636365
split: उचितमे + व,उचितम्+एव,उचितम्+एव,0.0
split: वयमद + ्य,वयम्+अद्य,वयम्+अद्य,0.0
split: व्रणो + ऽपि,व्रणः+अपि,व्रणः+अपि,0.0
split: अतीव + ानन्दितः,अतीव+अनन्दितः,अतीव+आनन्दितः,0.07692307692307693
split: प्रधानो +  मन्त्री,प्रधानः+अमन्त्री,प्रधानः+मन्त्री,0.0625
split: उड् + डीनः,उड्+डीनः,उद्+डीनः,0.125
split: गभावविशेशणेन + ेति,गभावविशेशणेन+इति,प्रागभावविशेशणेन+इति,0.2
split: हनो +  वध लिङि,हनः+अधलिङि,हनः+वध+लिङि,0.18181818181818182
split: ीष्मवसन्तादन + ्यतरस्याम्,सीष्मवसन्तात्+अन्यतरस,ग्रीष्मवसन्तात्+अन्यतरस्याम्,0.2857142857142857
split: न + ानोर्ज्ञः,न+अनोः+ज्ञः,न+अनोः+ज्ञः,0.0
split: त्वरितमे + व,त्वरितम्+एव,त्वरितम्+एव,0.0
split: न + ार्हति,न+अर्हति,न+अर्हति,0.0
split: ततो + ऽमात्यः,ततः+अमात्यः,ततः+अमात्यः,0.0
split: प्रकृतिजैर + ्गुणैः,प्रकृतिजैः+गुणैः,प्रकृतिजैः+गुणैः,0.0
split: भोक्तव्यमे + वेति,भोक्तव्यम्+एव,भोक्तव्यम्+एव+इति,0.23529411764705882
